trimestre,top01_patrimonio_musd,top01_hogares,top01_corte_usd,top01_participacion_pct,resto_top1_patrimonio_musd,resto_top1_hogares,top1_corte_usd,resto_top1_participacion_pct,top1_patrimonio_musd,top1_hogares,top1_participacion_pct,top01_promedio_usd,resto_top1_promedio_usd
1989:Q3,1757358,103864,7794612.0000,8.6000,2904390,824835,2306205.0000,14.2000,4661748,928699,22.8000,16919798.9679,3521176.9627
1989:Q4,1812856,102632,,8.7000,2967215,828504,,14.3000,4780071,931136,23.0000,17663652.6619,3581413.0046
1990:Q1,1797818,101519,,8.6000,2956985,832049,,14.2000,4754803,933568,22.8000,17709177.5924,3553859.2078
1990:Q2,1839022,100521,,8.7000,3007141,835477,,14.2000,4846163,935998,22.9000,18294903.5525,3599310.3341
1990:Q3,1773383,99633,,8.4000,2947878,838793,,14.0000,4721261,938426,22.4000,17799152.8911,3514428.4704
1990:Q4,1865545,98852,,8.7000,3036798,842001,,14.2000,4902343,940853,22.9000,18872101.7278,3606644.1726
1991:Q1,1953666,98174,,8.9000,3133905,845107,,14.3000,5087571,943281,23.2000,19900034.6324,3708293.7427
1991:Q2,1946726,97594,,8.8000,3142419,848118,,14.3000,5089145,945712,23.1000,19947189.3764,3705167.2055
1991:Q3,1976036,97108,,8.8000,3194325,851037,,14.3000,5170361,948145,23.1000,20348848.7045,3753450.2025
1991:Q4,2093724,96714,,9.1000,3324652,853870,,14.5000,5418376,950584,23.6000,21648613.4376,3893627.8356
1992:Q1,2070260,96405,,9.0000,3318122,856623,,14.4000,5388382,953028,23.4000,21474612.3126,3873491.6060
1992:Q2,2049793,96180,,8.9000,3292774,859301,,14.3000,5342567,955481,23.2000,21312050.3223,3831921.5269
1992:Q3,2079766,96033,9255906.0000,8.9000,3311870,861910,2638728.0000,14.1000,5391636,957943,23.0000,21656784.6469,3842477.7529
1992:Q4,2210876,95961,,9.2000,3444855,864454,,14.3000,5655731,960415,23.5000,23039318.0563,3985006.7210
1993:Q1,2323682,95961,,9.5000,3536034,866939,,14.5000,5859716,962900,24.0000,24214858.1194,4078757.5596
1993:Q2,2373883,96031,,9.6000,3590420,869371,,14.6000,5964303,965402,24.2000,24719965.4278,4129905.4144
1993:Q3,2464317,96169,,9.8000,3680729,871755,,14.7000,6145046,967924,24.5000,25624858.3223,4222205.7803
1993:Q4,2578348,96373,,10.1000,3790492,874097,,14.9000,6368840,970470,25.0000,26753841.8437,4336466.0901
1994:Q1,2633157,96641,,10.3000,3825170,876402,,14.9000,6458327,973043,25.2000,27246789.6648,4364629.4737
1994:Q2,2689565,96970,,10.4000,3873687,878675,,15.0000,6563252,975645,25.4000,27736052.3873,4408554.9265
1994:Q3,2754640,97357,,10.5000,3950357,880922,,15.1000,6704997,978279,25.6000,28294216.1324,4484343.6763
1994:Q4,2847591,97802,,10.8000,4020939,883149,,15.2000,6868530,980951,26.0000,29115876.9759,4552956.5226
1995:Q1,2952270,98301,,11.0000,4134907,885361,,15.4000,7087177,983662,26.4000,30032959.9902,4670306.2367
1995:Q2,3053143,98852,,11.1000,4275837,887563,,15.6000,7328980,986415,26.7000,30886001.2949,4817502.5322
1995:Q3,3190356,99454,13200994.0000,11.4000,4428836,889761,2737865.0000,15.9000,7619192,989215,27.3000,32078709.7553,4977556.8945
1995:Q4,3297265,100101,,11.5000,4545799,891961,,15.9000,7843064,992062,27.4000,32939381.2250,5096410.0448
1996:Q1,3332608,100786,,11.5000,4611827,894167,,15.9000,7944435,994953,27.4000,33066179.8266,5157679.7175
1996:Q2,3366753,101496,,11.4000,4679694,896384,,15.9000,8046447,997880,27.3000,33171287.5384,5220635.3527
1996:Q3,3357862,102221,,11.3000,4702289,898616,,15.8000,8060151,1000837,27.1000,32849042.7603,5232812.4583
1996:Q4,3456482,102950,,11.3000,4814472,900870,,15.8000,8270954,1003820,27.1000,33574375.9106,5344247.2277
1997:Q1,3427962,103671,,11.2000,4823217,903149,,15.7000,8251179,1006820,26.9000,33065775.3856,5340444.3785
1997:Q2,3632904,104373,,11.3000,5071646,905458,,15.8000,8704550,1009831,27.1000,34806932.8275,5601194.0918
1997:Q3,3758689,105045,,11.4000,5241557,907803,,15.9000,9000246,1012848,27.3000,35781703.0796,5773892.5736
1997:Q4,3853102,105677,,11.5000,5339277,910187,,15.9000,9192379,1015864,27.4000,36461122.0985,5866131.9048
1998:Q1,4100238,106257,,11.7000,5638363,912616,,16.1000,9738601,1018873,27.8000,38587933.0303,6178242.5467
1998:Q2,4179998,106773,,11.7000,5765962,915095,,16.1000,9945960,1021868,27.8000,39148455.1338,6300943.6179
1998:Q3,3946178,107216,14870921.0000,11.2000,5585502,917629,3747165.0000,15.9000,9531680,1024845,27.1000,36805868.5271,6086884.7868
1998:Q4,4272458,107576,,11.5000,6025326,920222,,16.2000,10297784,1027798,27.7000,39715717.2604,6547687.4059
1999:Q1,4196892,107862,,11.2000,6073673,922883,,16.2000,10270565,1030745,27.4000,38909829.2262,6581195.0161
1999:Q2,4332557,108083,,11.2000,6308969,925622,,16.3000,10641526,1033705,27.5000,40085462.0986,6815923.7788
1999:Q3,4226891,108250,,11.0000,6267304,928446,,16.3000,10494195,1036696,27.3000,39047491.9169,6750316.1196
1999:Q4,4643159,108372,,11.3000,6808117,931365,,16.6000,11451276,1039737,27.9000,42844636.9911,7309826.9744
2000:Q1,4687227,108460,,11.2000,7009722,934387,,16.7000,11696949,1042847,27.9000,43216181.0806,7501947.2660
2000:Q2,4549907,108525,,10.8000,6965885,937522,,16.6000,11515792,1046047,27.4000,41924966.5976,7430102.9736
2000:Q3,4543335,108576,,10.7000,7050074,940779,,16.6000,11593409,1049355,27.3000,41844744.6950,7493868.3793
2000:Q4,4333405,108624,,10.3000,6887621,944166,,16.4000,11221026,1052790,26.7000,39893623.8769,7294925.8923
2001:Q1,4128194,108678,,9.9000,6758896,947692,,16.1000,10887090,1056370,26.0000,37985553.6539,7131954.2636
2001:Q2,4265212,108750,,9.9000,6982982,951366,,16.2000,11248194,1060116,26.1000,39220340.2299,7339953.2882
2001:Q3,4008388,108850,14330428.0000,9.5000,6718004,955197,4332169.0000,16.0000,10726392,1064047,25.5000,36824878.2729,7033108.3536
2001:Q4,4192290,108985,,9.6000,7024861,959188,,16.1000,11217151,1068173,25.7000,38466669.7252,7323758.2205
2002:Q1,4200344,109155,,9.5000,7131825,963321,,16.1000,11332169,1072476,25.6000,38480546.0126,7403373.3304
2002:Q2,4064231,109357,,9.3000,7019063,967572,,16.1000,11083294,1076929,25.4000,37164799.6927,7254305.6227
2002:Q3,3793883,109589,,8.9000,6738723,971918,,15.8000,10532606,1081507,24.7000,34619195.3572,6933427.5114
2002:Q4,3859768,109849,,8.9000,6917630,976334,,15.9000,10777398,1086183,24.8000,35137033.5643,7085310.9694
2003:Q1,3821563,110133,,8.8000,6928232,980796,,15.9000,10749795,1090929,24.7000,34699526.9356,7063886.8837
2003:Q2,4145301,110439,,9.1000,7341964,985281,,16.2000,11487265,1095720,25.3000,37534756.7435,7451644.7592
2003:Q3,4256667,110764,,9.2000,7545274,989765,,16.3000,11801941,1100529,25.5000,38430058.5028,7623298.4597
2003:Q4,4534358,111106,,9.4000,7924715,994223,,16.5000,12459073,1105329,25.9000,40811099.3106,7970762.0926
2004:Q1,4985955,111462,,9.9000,8438603,998633,,16.7000,13424558,1110095,26.6000,44732330.3009,8450154.3610
2004:Q2,5049091,111829,,9.8000,8576018,1002970,,16.7000,13625109,1114799,26.5000,45150104.1769,8550622.6507
2004:Q3,5223862,112205,18632797.0000,10.0000,8817219,1007210,5630800.0000,16.8000,14041081,1119415,26.8000,46556410.1422,8754101.9251
2004:Q4,5572104,112587,,10.2000,9203904,1011331,,16.9000,14776008,1123918,27.1000,49491539.8758,9100783.0275
2005:Q1,5639366,112972,,10.2000,9287558,1015315,,16.8000,14926924,1128287,27.0000,49918262.9324,9147464.5800
2005:Q2,5900195,113355,,10.4000,9537007,1019145,,16.8000,15437202,1132500,27.2000,52050593.2689,9357850.9437
2005:Q3,6124853,113732,,10.5000,9783610,1022804,,16.7000,15908463,1136536,27.2000,53853383.3925,9565478.8210
2005:Q4,6285991,114101,,10.5000,9966504,1026276,,16.7000,16252495,1140377,27.2000,55091462.8268,9711329.1161
2006:Q1,6753629,114457,,11.0000,10406409,1029543,,16.9000,17160038,1144000,27.9000,59005818.7791,10107794.4292
2006:Q2,6758223,114796,,10.9000,10375599,1032589,,16.8000,17133822,1147385,27.7000,58871589.6024,10048140.1603
2006:Q3,6939516,115114,,11.0000,10554822,1035398,,16.8000,17494338,1150512,27.8000,60283857.7410,10193975.6499
2006:Q4,7224873,115408,,11.3000,10834337,1037952,,16.9000,18059210,1153360,28.2000,62602878.4833,10438186.9296
2007:Q1,7477961,115674,,11.5000,11050719,1040235,,17.0000,18528680,1155909,28.5000,64646861.0059,10623290.8910
2007:Q2,7659030,115909,,11.7000,11182649,1042230,,17.0000,18841679,1158139,28.7000,66077957.7082,10729540.5045
2007:Q3,7895524,116107,25331958.0000,11.9000,11343430,1043920,7003425.0000,17.1000,19238954,1160027,29.0000,68002135.9608,10866187.0641
2007:Q4,7790619,116268,,11.9000,11247458,1045302,,17.1000,19038077,1161570,29.0000,67005702.3429,10760008.1125
2008:Q1,7466119,116397,,11.7000,10948317,1046427,,17.2000,18414436,1162824,28.9000,64143568.9923,10462571.2066
2008:Q2,7260276,116502,,11.6000,10816373,1047359,,17.2000,18076649,1163861,28.8000,62318895.8129,10327283.1952
2008:Q3,6805069,116591,,11.2000,10436102,1048162,,17.2000,17241171,1164753,28.4000,58367018.0374,9956573.5068
2008:Q4,6074606,116671,,10.6000,9805406,1048901,,17.0000,15880012,1165572,27.6000,52066117.5442,9348266.4236
2009:Q1,5707899,116750,,10.2000,9489030,1049639,,17.0000,15196929,1166389,27.2000,48889927.1949,9040279.5628
2009:Q2,5754532,116836,,10.2000,9699523,1050441,,17.2000,15454055,1167277,27.4000,49253072.6831,9233762.7720
2009:Q3,6116712,116936,,10.5000,10141870,1051371,,17.4000,16258582,1168307,27.9000,52308202.7776,9646328.4606
2009:Q4,6092752,117058,,10.4000,10206775,1052493,,17.5000,16299527,1169551,27.9000,52049001.3498,9697712.9539
2010:Q1,6290286,117210,,10.6000,10456630,1053872,,17.6000,16746916,1171082,28.2000,53666803.1738,9922106.2899
2010:Q2,6168703,117400,,10.5000,10311540,1055571,,17.5000,16480243,1172971,28.0000,52544318.5690,9768684.4371
2010:Q3,6528041,117634,21332937.0000,10.7000,10745138,1057656,6484743.0000,17.7000,17273179,1175290,28.4000,55494508.3904,10159388.3077
2010:Q4,6870150,117920,,11.0000,11106871,1060169,,17.8000,17977021,1178089,28.8000,58261109.2266,10476509.8772
2011:Q1,7116805,118251,,11.2000,11355386,1063074,,17.9000,18472191,1181325,29.1000,60183888.5083,10681651.5125
2011:Q2,7228170,118621,,11.3000,11441439,1066314,,17.9000,18669609,1184935,29.2000,60934994.6468,10729896.6346
2011:Q3,6873641,119023,,11.1000,11009521,1069833,,17.7000,17883162,1188856,28.8000,57750527.2090,10290878.1090
2011:Q4,7153137,119450,,11.3000,11270665,1073572,,17.8000,18423802,1193022,29.1000,59883943.0724,10498285.1639
2012:Q1,7561866,119895,,11.6000,11694963,1077476,,17.9000,19256829,1197371,29.5000,63070736.8948,10854035.7279
2012:Q2,7590345,120350,,11.6000,11660849,1081487,,17.9000,19251194,1201837,29.5000,63068923.9717,10782236.8646
2012:Q3,7948561,120810,,11.8000,11996739,1085547,,17.9000,19945300,1206357,29.7000,65793899.5116,11051330.8037
2012:Q4,7872269,121266,,11.7000,11836028,1089601,,17.6000,19708297,1210867,29.3000,64917363.4819,10862717.6370
2013:Q1,8369446,121712,,11.9000,12346016,1093591,,17.6000,20715462,1215303,29.5000,68764345.3398,11289427.2173
2013:Q2,8473108,122141,,11.9000,12422493,1097460,,17.5000,20895601,1219601,29.4000,69371529.6256,11319312.7768
2013:Q3,8830756,122546,25472844.0000,12.0000,12778885,1101150,7388682.0000,17.4000,21609641,1223696,29.4000,72060744.5367,11605035.6446
2013:Q4,9101077,122921,,12.1000,13170570,1104618,,17.5000,22271647,1227539,29.6000,74040050.1135,11923189.7362
2014:Q1,9388040,123269,,12.2000,13570144,1107867,,17.7000,22958184,1231136,29.9000,76158969.4084,12248892.6920
2014:Q2,9765673,123595,,12.4000,14018129,1110912,,17.8000,23783802,1234507,30.2000,79013495.6916,12618577.3491
2014:Q3,9823008,123903,,12.4000,14141877,1113769,,17.8000,23964885,1237672,30.2000,79279823.7331,12697316.0503
2014:Q4,10098926,124198,,12.5000,14479438,1116453,,17.9000,24578364,1240651,30.4000,81313112.9326,12969142.4538
2015:Q1,10331397,124483,,12.5000,14789767,1118980,,18.0000,25121164,1243463,30.5000,82994441.0080,13217186.1874
2015:Q2,10472530,124763,,12.6000,14963768,1121366,,18.0000,25436298,1246129,30.6000,83939389.0817,13344231.9457
2015:Q3,10195332,125042,,12.4000,14734648,1123626,,17.9000,24929980,1248668,30.3000,81535260.1526,13113480.8201
2015:Q4,10399814,125326,,12.4000,15017351,1125776,,17.9000,25417165,1251102,30.3000,82982094.6970,13339555.1158
2016:Q1,10549900,125617,,12.4000,15245256,1127831,,18.0000,25795156,1253448,30.4000,83984651.7589,13517323.0741
2016:Q2,10853580,125922,,12.6000,15598701,1129808,,18.0000,26452281,1255730,30.6000,86192881.3075,13806506.0612
2016:Q3,11084272,126243,33384556.0000,12.6000,15908106,1131721,8643464.0000,18.1000,26992378,1257964,30.7000,87801082.0402,14056561.6437
2016:Q4,11056600,126585,,12.5000,15993504,1133585,,18.0000,27050104,1260170,30.5000,87345262.0769,14108782.3145
2017:Q1,11349148,126944,,12.5000,16422005,1135407,,18.0000,27771153,1262351,30.5000,89402791.7822,14463540.3868
2017:Q2,11629039,127319,,12.5000,16772565,1137196,,18.1000,28401604,1264515,30.6000,91337812.8952,14749053.8131
2017:Q3,11780781,127704,,12.5000,17053317,1138957,,18.0000,28834098,1266661,30.5000,92250681.2629,14972748.7517
2017:Q4,12145320,128097,,12.5000,17535650,1140697,,18.1000,29680970,1268794,30.6000,94813461.6736,15372750.1694
2018:Q1,12149198,128493,,12.4000,17660483,1142424,,18.0000,29809681,1270917,30.4000,94551438.5998,15458781.5032
2018:Q2,12258884,128891,,12.3000,17875561,1144142,,18.0000,30134445,1273033,30.3000,95110473.1905,15623551.0977
2018:Q3,12544025,129286,,12.4000,18291059,1145861,,18.1000,30835084,1275147,30.5000,97025393.3140,15962720.6092
2018:Q4,11555280,129674,,11.9000,17357621,1147585,,17.9000,28912901,1277259,29.8000,89110230.2698,15125346.7063
2019:Q1,12493272,130053,,12.3000,18414683,1149322,,18.1000,30907955,1279375,30.4000,96062928.1908,16022213.9661
2019:Q2,12789586,130418,,12.2000,18855048,1151079,,18.0000,31644634,1281497,30.2000,98066110.5062,16380324.8952
2019:Q3,12708511,130767,37559513.0000,12.1000,18897889,1152862,10210700.0000,18.0000,31606400,1283629,30.1000,97184389.0278,16392151.8794
2019:Q4,13356394,131096,,12.4000,19326913,1154678,,18.0000,32683307,1285774,30.4000,101882544.0898,16737924.3391
2020:Q1,11884284,131403,,11.7000,17632871,1156536,,17.3000,29517155,1287939,29.0000,90441496.7695,15246279.4068
2020:Q2,13338029,131686,,12.2000,18948169,1158444,,17.4000,32286198,1290130,29.6000,101286613.6112,16356568.8113
2020:Q3,14229583,131943,,12.5000,19684958,1160411,,17.3000,33914541,1292354,29.8000,107846441.2663,16963780.9362
2020:Q4,15831935,132172,,13.0000,21152978,1162444,,17.4000,36984913,1294616,30.4000,119782820.8698,18196986.6936
2021:Q1,16848470,132372,,13.2000,22030516,1164553,,17.3000,38878986,1296925,30.5000,127281222.6151,18917572.6652
2021:Q2,18128702,132540,,13.5000,23196300,1166747,,17.2000,41325002,1299287,30.7000,136779100.6489,19881173.8963
2021:Q3,18681725,132675,,13.6000,23556594,1169032,,17.1000,42238319,1301707,30.7000,140808177.8783,20150512.5608
2021:Q4,19516747,132774,,13.8000,24205609,1171419,,17.1000,43722356,1304193,30.9000,146992234.9255,20663493.5920
2022:Q1,19360489,132836,,13.6000,23914635,1173916,,16.8000,43275124,1306752,30.4000,145747304.9475,20371674.8047
2022:Q2,17879269,132860,,13.1000,22242455,1176530,,16.3000,40121724,1309390,29.4000,134572248.9839,18905132.0408
2022:Q3,17457145,132842,45796944.0000,13.1000,21578105,1179271,11007198.0000,16.2000,39035250,1312113,29.3000,131412843.8295,18297834.0008
2022:Q4,17875606,133152,,13.3000,21985617,1182024,,16.4000,39861223,1315176,29.7000,134249624.4893,18599975.1274
2023:Q1,18523918,133591,,13.5000,22711788,1185923,,16.5000,41235706,1319514,30.0000,138661421.8024,19151148.9363
2023:Q2,19315997,133721,,13.5000,23641399,1187077,,16.5000,42957396,1320798,30.0000,144449989.1565,19915640.6872
2023:Q3,19013434,133658,,13.4000,23341766,1186518,,16.4000,42355200,1320176,29.8000,142254365.6197,19672492.1156
2023:Q4,19962493,133726,,13.6000,24360730,1187122,,16.6000,44323223,1320848,30.2000,149279070.6370,20520831.0519
2024:Q1,20858575,134096,,13.7000,25387889,1190407,,16.7000,46246464,1324503,30.4000,155549568.9655,21327066.2891
2024:Q2,21199643,134322,,13.7000,25820893,1192414,,16.7000,47020536,1326736,30.4000,157827035.0352,21654302.1132
2024:Q3,22126342,134439,,13.9000,26737545,1193453,,16.8000,48863887,1327892,30.7000,164582762.4424,22403517.3568
2024:Q4,22368371,134624,,14.0000,26913917,1195096,,16.9000,49282288,1329720,30.9000,166154407.8322,22520297.1142
2025:Q1,22268871,135557,,14.0000,26847978,1203373,,16.8000,49116849,1338930,30.8000,164276806.0668,22310603.6117
2025:Q2,23445713,136440,,14.1000,28121674,1211214,,17.0000,51567387,1347654,31.1000,171838998.8273,23217758.3813
2025:Q3,24662319,136912,,14.4000,29279568,1215406,,17.1000,53941887,1352318,31.5000,180132632.6399,24090359.9291
2025:Q4,25101063,136858,,14.6000,29688051,1214927,,17.2000,54789114,1351785,31.8000,183409541.2764,24436078.0524
2026:Q1,25137470,136692,,14.5000,29692045,1213452,,17.2000,54829515,1350144,31.7000,183898618.7926,24469072.5303
2026:Q2,27867091,136779,,15.0000,32445932,1214225,,17.5000,60313023,1351004,32.5000,203738081.1382,26721515.3699
