mercado_ubs,iso3,nombre,millonarios_miles,cita,adultos_5_100M
United States,USA,EE.UU.,23627,"United States 23,627",4122000.0
Mainland China,CHN,China (cont.),5305,"Mainland China 5,305",516000.0
Japan,JPN,Japón,2902,"Japan 2,902",164000.0
Germany,DEU,Alemania,2648,"Germany 2,648",244000.0
United Kingdom,GBR,Reino Unido,2428,"United Kingdom 2,428",172000.0
France,FRA,Francia,2388,"France 2,388",182000.0
Australia,AUS,Australia,1634,"Australia 1,634",121000.0
South Korea,KOR,Corea del Sur,1317,"South Korea 1,317",
Netherlands,NLD,Países Bajos,1294,"Netherlands 1,294",
Italy,ITA,Italia,1235,"Italy 1,235",95000.0
Spain,ESP,España,1077,"Spain 1,077",83000.0
Switzerland,CHE,Suiza,944,Switzerland 944,114000.0
India,IND,India,944,India 944,
Taiwan,TWN,Taiwán,772,Taiwan 772,
Hong Kong SAR,HKG,Hong Kong,628,Hong Kong SAR 628,69000.0
Belgium,BEL,Bélgica,556,Belgium 556,
Sweden,SWE,Suecia,507,Sweden 507,
Russia,RUS,Rusia,447,Russia 447,
Brazil,BRA,Brasil,386,Brazil 386,43000.0
Saudi Arabia,SAU,Arabia Saudita,348,Saudi Arabia 348,
Mexico,MEX,México,333,Mexico 333,29000.0
Singapore,SGP,Singapur,244,Singapore 244,27000.0
Israel,ISR,Israel,195,Israel 195,
Ireland,IRL,Irlanda,192,Ireland 192,
United Arab Emirates,ARE,Emiratos Árabes,183,United Arab Emirates 183,21000.0
Portugal,PRT,Portugal,181,Portugal 181,
Poland,POL,Polonia,101,Poland 101,
South Africa,ZAF,Sudáfrica,97,South Africa 97,
Türkiye,TUR,Turquía,93,Türkiye 93,
Luxembourg,LUX,Luxemburgo,85,Luxembourg 85,
Greece,GRC,Grecia,82,Greece 82,
Qatar,QAT,Qatar,30,Qatar 30,
Hungary,HUN,Hungría,27,Hungary 27,
Cyprus,CYP,Chipre,24,Cyprus 24,
