claim_id,caso,fecha,hecho,fuente,url
C50,Vanuatu,2022-03-03,La UE suspendió parcialmente el acuerdo de exención de visados con Vanuatu (pasaportes emitidos desde el 25/5/2015) por sus programas de ciudadanía para inversores,"Decisión (UE) 2022/366 del Consejo (suspensión parcial del acuerdo de exención de visados con Vanuatu), Oficina de Publicaciones de la UE",https://publications.europa.eu/resource/celex/32022D0366
C51,Vanuatu,2024-05-31,La Comisión prorrogó la suspensión total de la exención para todos los nacionales de Vanuatu hasta el 3/2/2025 porque persistían los riesgos de su CBI (sin requisito de residencia),"Reglamento Delegado (UE) 2024/2059 (prórroga de la suspensión temporal para Vanuatu), Oficina de Publicaciones de la UE",https://publications.europa.eu/resource/celex/32024R2059
C52,Vanuatu,2024-12-19,"Vanuatu pasó del Anexo II al Anexo I (visa obligatoria para el espacio Schengen) por el Reg. (UE) 2025/11, publicado el 14/1/2025 y vigente 20 días después","Reglamento (UE) 2025/11 (Vanuatu pasa al Anexo I), Oficina de Publicaciones de la UE (copia del Módulo B)",https://publications.europa.eu/resource/celex/32025R0011
C53,Vanuatu,2024-12-19,"Según la UE, en 2023 la mayoría de las solicitudes al CBI de Vanuatu provenía de China (519) y Rusia (237)","Reglamento (UE) 2025/11 (Vanuatu pasa al Anexo I), Oficina de Publicaciones de la UE (copia del Módulo B)",https://publications.europa.eu/resource/celex/32025R0011
C54,UE — mecanismo de suspensión,2025-11-26,El Reg. (UE) 2025/2441 agrega como causal de suspensión de la exención de visado la operación de un programa de ciudadanía por inversión sin vínculo genuino,"Reglamento (UE) 2025/2441 (revisión del mecanismo de suspensión de visados), Oficina de Publicaciones de la UE",https://publications.europa.eu/resource/celex/32025R2441
C55,UE — mecanismo de suspensión,2025-12-10,El Reg. (UE) 2025/2441 cita el lavado de dinero y la corrupción como riesgos de seguridad de los programas CBI,"Reglamento (UE) 2025/2441 (revisión del mecanismo de suspensión de visados), Oficina de Publicaciones de la UE",https://publications.europa.eu/resource/celex/32025R2441
C56,Malta (TJUE C-181/23),2025-04-29,"El TJUE (Gran Sala) declaró que Malta incumplió el art. 20 TFUE y el art. 4.3 TUE con su programa de ciudadanía por inversión, por constituir una comercialización de la ciudadanía de la Unión","TJUE (Gran Sala), sentencia de 29/04/2025, C-181/23, Comisión c. Malta (versión ES, Oficina de Publicaciones de la UE)",https://publications.europa.eu/resource/celex/62023CJ0181
C57,EE.UU. — Antigua y Dominica,2025-12-16,"La proclamación presidencial de EE.UU. suspendió la entrada como inmigrantes y con visas B, F, M y J de nacionales de Antigua y Barbuda y de Dominica, citando su CBI sin residencia","EE.UU., Proclamación presidencial 'Restricting and Limiting the Entry of Foreign Nationals…', Federal Register 2025-23570 (19/12/2025)",https://www.govinfo.gov/content/pkg/FR-2025-12-19/pdf/2025-23570.pdf
C58,EE.UU. — Antigua y Dominica,2025-12-19,La CIU de Antigua publicó la declaración de su embajador ante EE.UU. sobre las restricciones de visado (19/12/2025),"Antigua y Barbuda, CIU: Statement on U.S. Visa Restrictions (19/12/2025)",https://cip.gov.ag/statement-by-sir-ronald-sanders/
C59,España,2025-01-02,"La Ley Orgánica 1/2025 dejó sin contenido los artículos 63 a 67 de la Ley 14/2013 (residencia para inversores: no solo la vía inmobiliaria), con entrada en vigor general a los tres meses de su publicación (BOE 3/1/2025)","España, Ley Orgánica 1/2025 (BOE-A-2025-76)",https://www.boe.es/diario_boe/txt.php?id=BOE-A-2025-76
C60,Portugal,2023-10-06,"La Lei 56/2023 (Mais Habitação) dejó de admitir nuevas autorizaciones de residencia para actividad de inversión de las subalíneas I), III) y IV) (incluida la inmobiliaria)","Portugal, Lei n.º 56/2023 (Mais Habitação), texto consolidado del Portal das Finanças (AT)",https://info.portaldasfinancas.gov.pt/pt/informacao_fiscal/legislacao/diplomas_legislativos/Documents/Lei_56_2023.pdf
C61,Reino Unido,2022-02-17,El Home Office cerró la ruta Tier 1 (Investor) por razones de seguridad,"Reino Unido, Home Office: 'Tier 1 Investor Visa route closes over security concerns' (gov.uk, 17/02/2022)",https://www.gov.uk/government/news/tier-1-investor-visa-route-closes-over-security-concerns
C62,Irlanda,2023-02-15,Irlanda cerró el Immigrant Investor Programme a nuevas solicitudes desde el cierre del 15/2/2023; había aprobado ~€1.252 M de inversión,"Irlanda, Immigration Service Delivery (Dept. of Justice): cierre del Immigrant Investor Programme",https://www.irishimmigration.ie/minister-harris-announces-closure-of-the-immigrant-investor-programme/
C18,Malta,2025-07-24,"Malta (Act XXI de 2025, sancionada el 24/7/2025) eliminó la definición de 'individual investor programme' de su ley de ciudadanía","Malta, Act No. XXI of 2025 (Maltese Citizenship (Amendment) Act, 2025), legislation.mt",https://legislation.mt/eli/act/2025/21/eng/pdf
C19,Malta,2025-07-24,La nueva redacción del art. 10(9) habilita la naturalización 'por mérito' (servicios o contribuciones excepcionales) en lugar de la vía por inversión,"Malta, Act No. XXI of 2025 (Maltese Citizenship (Amendment) Act, 2025), legislation.mt",https://legislation.mt/eli/act/2025/21/eng/pdf
