fecha,fuente,url,error,causa,accion
2026-10-03,"Dominica — Gobierno (dominica.gov.dm, S.R.O. 8/2024)",https://www.dominica.gov.dm/laws/2024/commonwealth_of_dominica_citizenship_by_investment_regulations_sro_8_of_2024.pdf,502 Bad Gateway (CONNECT) / connection reset,Host caído o bloqueado,Resuelto por otra vía: la misma S.R.O. 8/2024 se descargó de cbiu.gov.dm (C92)
2026-10-03,Dominica — S.R.O. 46/2025 (enmienda),https://www.cbiu.gov.dm/wp-content/uploads/2025/12/CBI-Amendment-Regulation-2025.pdf,Descarga OK; PDF escaneado sin capa de texto,Escaneo (Xerox),"Lectura visual (C94); solo enmienda el párrafo 3(1) del Schedule 1, no los montos"
2026-10-03,Granada — imm.gov.gd,https://www.imm.gov.gd/,502 Bad Gateway (CONNECT),Host caído,"Se usó laws.gov.gd (SRO 15/2024, texto oficial)"
2026-10-03,Granada — Investment Migration Agency (imagrenada.gd),https://imagrenada.gd/wp-content/uploads/2024/07/S.R.O.-15-of-2024-Grenada-Citizenship-by-Investment-Amendment-No.-2-Regulations.pdf,HTTP 202 + sgcaptcha,Captcha anti-bots,Se usó la misma SRO desde laws.gov.gd
2026-10-03,Vanuatu — PacLII / citizenship.gov.vu,https://www.paclii.org/vu/legis/num_reg/,HTTP 403 / 502; citizenship.gov.vu sin capturas en Wayback,Anti-bots / dominio inexistente,El dominio oficial es vancitizenship.gov.vu (responde 200): montos en C95–C96. La Order 33/2019 (DSP) es un escaneo y no se usó
2026-10-03,Jordania — Jordan Investment Commission / moin.gov.jo,https://www.jic.gov.jo/en/,Connection reset / timeout (2026-10-04),Host inaccesible,Mecanismo 2025 del Ministerio de Inversión vía Wayback (captura 20251008223025): C97
2026-10-03,Egipto — decreto del Primer Ministro 876/2023,https://www.state.gov/reports/2024-investment-climate-statements/egypt/,HTTP 403 (state.gov); no se halló el decreto ni el Boletín Oficial egipcio en línea,Anti-bots / fuente no publicada en abierto,"GAFI (gafi.gov.eg, Wayback 2026) describe la unidad pero no publica montos; SIS (sis.gov.eg) solo reproduce una nota de Ahram Online (S, solo para fechar). Monto de Egipto 'no verificado'"
2026-10-03,FMI — eLibrary (Article IV 2026),https://www.elibrary.imf.org/view/journals/002/2026/093/002.2026.issue-093-en.xml,HTTP 403 (vista) y 202 vacío (PDF),Anti-bots (CloudFront),Resuelto por otra vía: PDF oficiales en imf.org/-/media/files/publications/cr/2026/english/
2026-10-03,FMI — Vanuatu Article IV 2026,https://www.imf.org/-/media/files/publications/cr/2026/english/1vutea2026001-source-pdf.pdf,HTTP 404,No publicado (o con otro nombre de archivo),Se usa el Article IV 2025 (CR 25/277) para el ingreso fiscal ECP 2021–2025 (C76)
2026-10-03,"FMI — Antigua 2022 Article IV (CR 23/184), tablas fiscales",https://www.imf.org/-/media/Files/Publications/CR/2023/English/1ATGEA2023001.ashx,Descarga OK; tablas como imagen,Sin capa de texto en las tablas,Antigua desde 2020 (CR 25/96) y 2021–2025 (CR 26/97); sin OCR
2026-10-03,Comisión Europea — carta del 25/06/2026 a los cinco caribeños,https://ec.europa.eu/commission/presscorner/api/search?language=en&text=citizenship%20by%20investment,"Sin resultados: la búsqueda del press corner (2026-10-04: 'citizenship by investment', 'investor citizenship', 'Eastern Caribbean', 'Saint Kitts', 'Antigua', 'Dominica', 'Grenada', 'golden passports') no devuelve la carta ni un comunicado sobre ella",Carta no publicada,"Queda como S (prensa, solo para fechar). Se agrega como DATO el octavo informe del mecanismo de suspensión (IP/25/3061, C28)"
2026-10-03,EUR-Lex (HTML de reglamentos),https://eur-lex.europa.eu/legal-content/EN/TXT/?uri=CELEX:32025R2441,HTTP 202 con cuerpo vacío (2026-10-03); timeout (2026-10-04),Desafío anti-bots (WAF) / conexión inestable,Mismo texto oficial vía Oficina de Publicaciones (publications.europa.eu/resource/celex/…)
2026-10-03,Curia (TJUE),https://curia.europa.eu/juris/liste.jsf?num=C-181/23&language=en,"200/301, redirige a infocuria (aplicación JavaScript)",Contenido renderizado en el navegador,Sentencia oficial vía Oficina de Publicaciones (CELEX 62023CJ0181)
2026-10-03,Portugal — Diário da República,https://diariodarepublica.pt/dr/detalhe/lei/56-2023-221792115,200 con 2 KB (aplicación JavaScript),Contenido renderizado en el navegador,Texto consolidado de la AT (Portal das Finanças)
2026-10-03,Turquía — Resmî Gazete 13/05/2022 (C.K. 5554),https://www.resmigazete.gov.tr/eskiler/2022/05/20220513-20.pdf,PDF sin capa de texto,Escaneo,Texto consolidado del reglamento en mevzuat.gov.tr
