pais,via,tipo_aporte,monto_min_principal_usd,monto_familia_tipo_usd,vigencia,estado,claim_id,fuente,url
Argentina,Aporte no reembolsable al Tesoro,Donación (aporte al Tesoro),350000,500000,"Anuncio 02/10/2026 (sin norma publicada, ver A17)",verificado (anuncio),A01; A05,"Ministerio de Economía, anuncio del 02/10/2026 (copia del Módulo A)",https://www.argentina.gob.ar/noticias/luis-caputo-anuncio-la-puesta-en-marcha-del-programa-de-ciudadania-por-inversion-de
Argentina,Título público específico,Bono,800000,,Anuncio 02/10/2026,verificado (anuncio),A02,"Ministerio de Economía, anuncio del 02/10/2026 (copia del Módulo A)",https://www.argentina.gob.ar/noticias/luis-caputo-anuncio-la-puesta-en-marcha-del-programa-de-ciudadania-por-inversion-de
St Kitts y Nevis,Sustainable Island State Contribution (SISC),Donación a fondo,250000,250000,SRO 20/2024 (8/7/2024),verificado,C01,"St Kitts y Nevis, Citizenship Unit: Sustainable Island State Contribution (ciu.gov.kn)",https://ciu.gov.kn/sustainable-island-state-contribution/
St Kitts y Nevis,Inversión inmobiliaria en desarrollo aprobado,Inmobiliario,325000,,SRO 43/2024 (publicado 25/10/2024),verificado,C03,"St Kitts y Nevis, SRO No. 43 of 2024 (Amendment Regulations, 25/10/2024)",https://ciu.gov.kn/wp-content/uploads/2025/01/SRO-43-of-2024.pdf
Antigua y Barbuda,National Development Fund (NDF),Donación a fondo,230000,230000,S.I. 2024 No. 50 (hecho 25/7/2024; oferta previa vencida 31/7/2024),verificado,C04,"Antigua y Barbuda, Citizenship by Investment Unit: National Development Fund (cip.gov.ag)",https://cip.gov.ag/investment-options/ndf/
Antigua y Barbuda,Inmueble aprobado,Inmobiliario,300000,,Web oficial (consulta 03/10/2026),verificado,C06,"Antigua y Barbuda, Citizenship by Investment Unit: Real Estate (cip.gov.ag)",https://cip.gov.ag/investment-options/real-estate/
Granada,National Transformation Fund (NTF),Donación a fondo,235000,235000,"SRO 15/2024, en vigor 1/7/2024",verificado,C07,"Granada, SRO No. 15 of 2024 (Grenada Citizenship by Investment (Amendment) (No. 2) Regulations), laws.gov.gd",https://www.laws.gov.gd/index.php/s-r-o/1527-sr-o-15-of-2024-grenada-citizenship-by-investment-amendment-no-2-regulations/download
Granada,Unidad en proyecto aprobado (cuota) / proyecto aprobado,Inmobiliario,270000,,"SRO 15/2024, en vigor 1/7/2024",verificado,C09,"Granada, SRO No. 15 of 2024 (Grenada Citizenship by Investment (Amendment) (No. 2) Regulations), laws.gov.gd",https://www.laws.gov.gd/index.php/s-r-o/1527-sr-o-15-of-2024-grenada-citizenship-by-investment-amendment-no-2-regulations/download
Santa Lucía,National Economic Fund (NEF),Donación a fondo,240000,240000,"S.I. 106/2024, en vigor (retroactivo) 1/7/2024",verificado,C10,"Santa Lucía, Citizenship by Investment Unit: Citizenship by Investment (cipsaintlucia.com)",https://www.cipsaintlucia.com/citizenship-by-investment
Turquía,Compra de inmueble (3 años sin vender),Inmobiliario,400000,,"Reglamento 2010/139 art. 20, mod. RG 31711 (6/1/2022) y RG 31834 (13/5/2022)",verificado,C14,"Turquía, Türk Vatandaşlığı Kanununun Uygulanmasına İlişkin Yönetmelik (texto consolidado, mevzuat.gov.tr)",https://www.mevzuat.gov.tr/MevzuatMetin/21.5.2010139.pdf
Turquía,"Capital fijo, depósito bancario o bonos del Estado (3 años)",Inversión / depósito / bono,500000,,"Reglamento 2010/139 art. 20, mod. RG 31711 (6/1/2022)",verificado,C15,"Turquía, Türk Vatandaşlığı Kanununun Uygulanmasına İlişkin Yönetmelik (texto consolidado, mevzuat.gov.tr)",https://www.mevzuat.gov.tr/MevzuatMetin/21.5.2010139.pdf
Nauru,ECRCP — oferta por tiempo limitado,Donación a fondo,90000,,"Desde 3/2/2026, solicitudes hasta 31/12/2026",verificado,C16,"Nauru, Economic and Climate Resilience Citizenship Program: Contribution (ecrcp.gov.nr)",https://www.ecrcp.gov.nr/contribution
Nauru,ECRCP — monto regular,Donación a fondo,105000,,"Factsheet oficial, marzo 2025",verificado,C17,"Nauru, ECRCP Factsheet (marzo 2025, ecrcp.gov.nr)",https://www.ecrcp.gov.nr/files/N_Factsheet_250313_1_Digital.pdf
Dominica,Economic Diversification Fund,Donación a fondo,,,—,NO VERIFICADO: cbiu.gov.dm con captcha anti-bots y dominica.gov.dm caído; piso regional MoA 03/2024 = USD 200.000 (C20),C20,,
Vanuatu,Development Support Program,Donación a fondo,,,—,NO VERIFICADO: sin fuente gubernamental accesible (PacLII 403; sitio oficial caído),,,
Egipto,Decreto PM 876/2023,Donación / inmueble / depósito,,,—,NO VERIFICADO: decreto no disponible en abierto; state.gov 403,,,
Jordania,Criterios del Consejo de Ministros,Depósito / bonos / inversión,,,—,NO VERIFICADO: jic.gov.jo inaccesible; moin.gov.jo redirige a portada,,,
Malta,MEIN (naturalización por inversión directa),Donación + inmueble,,,"Derogado (Act XXI 2025, 24/7/2025)",SIN PROGRAMA: tras C-181/23 la vía por inversión fue sustituida por naturalización 'por mérito',C18; C19; C56,,
