iso3,pais,anio,concepto,anio_fiscal,recaudacion_usd_m,pct_pib_fmi,pib_usd_bn_datamapper,pct_pib_datamapper,estimacion_fmi,metodo_usd,claim_ids,informe
DMA,Dominica,2020,ingreso fiscal,jul–jun (año = inicio del ejercicio),165.9,31.3,0.504,32.92,no,DATO: fila en USD del FMI,C31; C32,"FMI, Dominica: 2025 Article IV (Country Report 25/130)"
DMA,Dominica,2021,ingreso fiscal,jul–jun (año = inicio del ejercicio),169.9,29.2,0.555,30.61,no,DATO: fila en USD del FMI,C31; C32,"FMI, Dominica: 2025 Article IV (Country Report 25/130)"
DMA,Dominica,2022,ingreso fiscal,jul–jun (año = inicio del ejercicio),231.6,36.7,0.607,38.15,no,DATO: fila en USD del FMI,C31; C32,"FMI, Dominica: 2025 Article IV (Country Report 25/130)"
DMA,Dominica,2023,ingreso fiscal,jul–jun (año = inicio del ejercicio),223.1,33.0,0.659,33.85,no,DATO: fila en USD del FMI,C31; C32,"FMI, Dominica: 2025 Article IV (Country Report 25/130)"
DMA,Dominica,2024,ingreso fiscal,jul–jun (año = inicio del ejercicio),216.9,30.0,0.689,31.48,sí,DATO: fila en USD del FMI,C31; C32,"FMI, Dominica: 2025 Article IV (Country Report 25/130)"
DMA,Dominica,2016,ingreso fiscal,jul–jun (año = inicio del ejercicio),181.9,32.6,0.576,31.58,no,"ESTIMACIÓN: EC$ / 2,70",C33; C34; C42,"FMI, Dominica: 2021 Article IV (Country Report 22/40)"
DMA,Dominica,2017,ingreso fiscal,jul–jun (año = inicio del ejercicio),116.8,21.2,0.522,22.38,no,"ESTIMACIÓN: EC$ / 2,70",C33; C34; C42,"FMI, Dominica: 2021 Article IV (Country Report 22/40)"
DMA,Dominica,2018,ingreso fiscal,jul–jun (año = inicio del ejercicio),77.1,13.1,0.555,13.9,no,"ESTIMACIÓN: EC$ / 2,70",C33; C34; C42,"FMI, Dominica: 2021 Article IV (Country Report 22/40)"
DMA,Dominica,2019,ingreso fiscal,jul–jun (año = inicio del ejercicio),67.6,11.6,0.612,11.04,no,"ESTIMACIÓN: EC$ / 2,70",C33; C34; C42,"FMI, Dominica: 2021 Article IV (Country Report 22/40)"
DMA,Dominica,2020,flujo BdP,jul–jun (año = inicio del ejercicio),116.7,,0.504,23.15,no,DATO: fila en USD del FMI,C35,"FMI, Dominica: 2025 Article IV (Country Report 25/130)"
DMA,Dominica,2021,flujo BdP,jul–jun (año = inicio del ejercicio),167.9,,0.555,30.25,no,DATO: fila en USD del FMI,C35,"FMI, Dominica: 2025 Article IV (Country Report 25/130)"
DMA,Dominica,2022,flujo BdP,jul–jun (año = inicio del ejercicio),200.7,,0.607,33.06,no,DATO: fila en USD del FMI,C35,"FMI, Dominica: 2025 Article IV (Country Report 25/130)"
DMA,Dominica,2023,flujo BdP,jul–jun (año = inicio del ejercicio),227.3,,0.659,34.49,no,DATO: fila en USD del FMI,C35,"FMI, Dominica: 2025 Article IV (Country Report 25/130)"
DMA,Dominica,2024,flujo BdP,jul–jun (año = inicio del ejercicio),220.0,,0.689,31.93,sí,DATO: fila en USD del FMI,C35,"FMI, Dominica: 2025 Article IV (Country Report 25/130)"
KNA,St Kitts y Nevis,2015,ingreso fiscal,calendario,108.6,11.6,0.957,11.35,no,"ESTIMACIÓN: % × PBI EC$ / 2,70",C38; C39; C42,"FMI, St Kitts y Nevis: 2018 Article IV (publicado como Country Report 22/351)"
KNA,St Kitts y Nevis,2016,ingreso fiscal,calendario,65.3,6.8,1.007,6.48,no,"ESTIMACIÓN: % × PBI EC$ / 2,70",C38; C39; C42,"FMI, St Kitts y Nevis: 2018 Article IV (publicado como Country Report 22/351)"
KNA,St Kitts y Nevis,2017,ingreso fiscal,calendario,54.9,5.7,1.057,5.2,no,"ESTIMACIÓN: % × PBI EC$ / 2,70",C38; C39; C42,"FMI, St Kitts y Nevis: 2018 Article IV (publicado como Country Report 22/351)"
KNA,St Kitts y Nevis,2020,ingreso fiscal,calendario,99.9,11.3,0.867,11.52,no,"ESTIMACIÓN: % × PBI EC$ / 2,70",C36; C37; C42,"FMI, St Kitts y Nevis: 2025 Article IV (Country Report 25/107)"
KNA,St Kitts y Nevis,2021,ingreso fiscal,calendario,200.9,23.4,0.843,23.83,no,"ESTIMACIÓN: % × PBI EC$ / 2,70",C36; C37; C42,"FMI, St Kitts y Nevis: 2025 Article IV (Country Report 25/107)"
KNA,St Kitts y Nevis,2022,ingreso fiscal,calendario,248.3,25.3,0.963,25.79,no,"ESTIMACIÓN: % × PBI EC$ / 2,70",C36; C37; C42,"FMI, St Kitts y Nevis: 2025 Article IV (Country Report 25/107)"
KNA,St Kitts y Nevis,2023,ingreso fiscal,calendario,229.1,21.7,1.034,22.15,no,"ESTIMACIÓN: % × PBI EC$ / 2,70",C36; C37; C42,"FMI, St Kitts y Nevis: 2025 Article IV (Country Report 25/107)"
KNA,St Kitts y Nevis,2024,ingreso fiscal,calendario,90.5,8.1,1.051,8.61,sí,"ESTIMACIÓN: % × PBI EC$ / 2,70",C36; C37; C42,"FMI, St Kitts y Nevis: 2025 Article IV (Country Report 25/107)"
ATG,Antigua y Barbuda,2020,ingreso fiscal,calendario,36.3,2.6,1.412,2.57,no,"ESTIMACIÓN: EC$ / 2,70",C40; C41; C42,"FMI, Antigua y Barbuda: 2025 Article IV (Country Report 25/96)"
ATG,Antigua y Barbuda,2021,ingreso fiscal,calendario,33.7,2.1,1.602,2.1,no,"ESTIMACIÓN: EC$ / 2,70",C40; C41; C42,"FMI, Antigua y Barbuda: 2025 Article IV (Country Report 25/96)"
ATG,Antigua y Barbuda,2022,ingreso fiscal,calendario,25.2,1.3,1.857,1.36,no,"ESTIMACIÓN: EC$ / 2,70",C40; C41; C42,"FMI, Antigua y Barbuda: 2025 Article IV (Country Report 25/96)"
ATG,Antigua y Barbuda,2023,ingreso fiscal,calendario,23.0,1.1,2.054,1.12,no,"ESTIMACIÓN: EC$ / 2,70",C40; C41; C42,"FMI, Antigua y Barbuda: 2025 Article IV (Country Report 25/96)"
ATG,Antigua y Barbuda,2024,ingreso fiscal,calendario,27.4,1.2,2.162,1.27,sí,"ESTIMACIÓN: EC$ / 2,70",C40; C41; C42,"FMI, Antigua y Barbuda: 2025 Article IV (Country Report 25/96)"
GRD,Granada,2019,ingreso fiscal,calendario,2.4,0.2,1.213,0.2,no,"ESTIMACIÓN: % × PBI EC$ / 2,70",C43; C45; C42,"FMI, Granada: 2024 Article IV (Country Report 25/39)"
GRD,Granada,2020,ingreso fiscal,calendario,6.3,0.6,1.043,0.6,no,"ESTIMACIÓN: % × PBI EC$ / 2,70",C43; C45; C42,"FMI, Granada: 2024 Article IV (Country Report 25/39)"
GRD,Granada,2021,ingreso fiscal,calendario,12.4,1.1,1.122,1.1,no,"ESTIMACIÓN: % × PBI EC$ / 2,70",C43; C45; C42,"FMI, Granada: 2024 Article IV (Country Report 25/39)"
GRD,Granada,2022,ingreso fiscal,calendario,27.1,2.2,1.224,2.21,no,"ESTIMACIÓN: % × PBI EC$ / 2,70",C43; C45; C42,"FMI, Granada: 2024 Article IV (Country Report 25/39)"
GRD,Granada,2023,ingreso fiscal,calendario,141.7,10.7,1.336,10.61,no,"ESTIMACIÓN: % × PBI EC$ / 2,70",C43; C45; C42,"FMI, Granada: 2024 Article IV (Country Report 25/39)"
GRD,Granada,2024,ingreso fiscal,calendario,166.9,12.0,1.351,12.36,sí,"ESTIMACIÓN: % × PBI EC$ / 2,70",C43; C45; C42,"FMI, Granada: 2024 Article IV (Country Report 25/39)"
GRD,Granada,2019,flujo BdP,calendario,63.1,5.2,1.213,5.2,no,"ESTIMACIÓN: % × PBI EC$ / 2,70",C44; C45; C42,"FMI, Granada: 2024 Article IV (Country Report 25/39)"
GRD,Granada,2020,flujo BdP,calendario,93.9,9.0,1.043,9.0,no,"ESTIMACIÓN: % × PBI EC$ / 2,70",C44; C45; C42,"FMI, Granada: 2024 Article IV (Country Report 25/39)"
GRD,Granada,2021,flujo BdP,calendario,104.4,9.3,1.122,9.31,no,"ESTIMACIÓN: % × PBI EC$ / 2,70",C44; C45; C42,"FMI, Granada: 2024 Article IV (Country Report 25/39)"
GRD,Granada,2022,flujo BdP,calendario,133.0,10.8,1.224,10.87,no,"ESTIMACIÓN: % × PBI EC$ / 2,70",C44; C45; C42,"FMI, Granada: 2024 Article IV (Country Report 25/39)"
GRD,Granada,2023,flujo BdP,calendario,418.5,31.6,1.336,31.33,no,"ESTIMACIÓN: % × PBI EC$ / 2,70",C44; C45; C42,"FMI, Granada: 2024 Article IV (Country Report 25/39)"
GRD,Granada,2024,flujo BdP,calendario,434.0,31.2,1.351,32.13,sí,"ESTIMACIÓN: % × PBI EC$ / 2,70",C44; C45; C42,"FMI, Granada: 2024 Article IV (Country Report 25/39)"
LCA,Santa Lucía,2020,ingreso fiscal,abr–mar (año = inicio del ejercicio),8.0,0.5,1.511,0.53,no,"ESTIMACIÓN: % × PBI EC$ (año fiscal) / 2,70",C46; C47; C42,"FMI, Santa Lucía: 2024 Article IV (Country Report 25/65)"
LCA,Santa Lucía,2021,ingreso fiscal,abr–mar (año = inicio del ejercicio),15.9,0.8,1.869,0.85,no,"ESTIMACIÓN: % × PBI EC$ (año fiscal) / 2,70",C46; C47; C42,"FMI, Santa Lucía: 2024 Article IV (Country Report 25/65)"
LCA,Santa Lucía,2022,ingreso fiscal,abr–mar (año = inicio del ejercicio),23.6,1.0,2.334,1.01,no,"ESTIMACIÓN: % × PBI EC$ (año fiscal) / 2,70",C46; C47; C42,"FMI, Santa Lucía: 2024 Article IV (Country Report 25/65)"
LCA,Santa Lucía,2023,ingreso fiscal,abr–mar (año = inicio del ejercicio),17.2,0.7,2.397,0.72,no,"ESTIMACIÓN: % × PBI EC$ (año fiscal) / 2,70",C46; C47; C42,"FMI, Santa Lucía: 2024 Article IV (Country Report 25/65)"
LCA,Santa Lucía,2024,ingreso fiscal,abr–mar (año = inicio del ejercicio),20.8,0.8,2.574,0.81,sí,"ESTIMACIÓN: % × PBI EC$ (año fiscal) / 2,70",C46; C47; C42,"FMI, Santa Lucía: 2024 Article IV (Country Report 25/65)"
VUT,Vanuatu,2020,flujo BdP (ECP),calendario,138.1,13.7,1.128,12.24,no,ESTIMACIÓN: % × PBI USD,C48; C49,"FMI, Vanuatu: 2024 Article IV (Country Report 24/278)"
VUT,Vanuatu,2021,flujo BdP (ECP),calendario,103.2,11.2,1.06,9.73,no,ESTIMACIÓN: % × PBI USD,C48; C49,"FMI, Vanuatu: 2024 Article IV (Country Report 24/278)"
VUT,Vanuatu,2022,flujo BdP (ECP),calendario,74.8,7.2,1.13,6.62,no,ESTIMACIÓN: % × PBI USD,C48; C49,"FMI, Vanuatu: 2024 Article IV (Country Report 24/278)"
VUT,Vanuatu,2023,flujo BdP (ECP),calendario,60.6,5.4,1.198,5.06,no,ESTIMACIÓN: % × PBI USD,C48; C49,"FMI, Vanuatu: 2024 Article IV (Country Report 24/278)"
VUT,Vanuatu,2024,flujo BdP (ECP),calendario,33.9,2.9,1.265,2.68,sí,ESTIMACIÓN: % × PBI USD,C48; C49,"FMI, Vanuatu: 2024 Article IV (Country Report 24/278)"
