fy,pais,iso2,tasa_rechazo_ajustada_B,bajo_umbral_3pct,cita,fuente_url,captura_wayback,timestamp_captura,archivo_local,sha256
2006,Argentina,AR,6.7,False,Argentina 6.7%,https://travel.state.gov/content/dam/visas/Statistics/Non-Immigrant-Statistics/RefusalRates/FY06.pdf,https://web.archive.org/web/20160808131709id_/https://travel.state.gov/content/dam/visas/Statistics/Non-Immigrant-Statistics/RefusalRates/FY06.pdf,20160808131709,data/raw/D_dos_refusal_rates_FY06_2026-10-03.pdf,de098bf736da385e
2007,Argentina,AR,4.4,False,Argentina 4.4%,https://travel.state.gov/content/dam/visas/Statistics/Non-Immigrant-Statistics/RefusalRates/FY07.pdf,https://web.archive.org/web/20161214183011id_/https://travel.state.gov/content/dam/visas/Statistics/Non-Immigrant-Statistics/RefusalRates/FY07.pdf,20161214183011,data/raw/D_dos_refusal_rates_FY07_2026-10-03.pdf,455c8e3b8d880e85
2008,Argentina,AR,3.1,False,Argentina 3.1%,https://travel.state.gov/content/dam/visas/Statistics/Non-Immigrant-Statistics/RefusalRates/FY08.pdf,https://web.archive.org/web/20150107132401id_/http://travel.state.gov/content/dam/visas/Statistics/Non-Immigrant-Statistics/RefusalRates/FY08.pdf,20150107132401,data/raw/D_dos_refusal_rates_FY08_2026-10-03.pdf,3b4a6d8bfcb50916
2009,Argentina,AR,3.3,False,Argentina 3.3%,https://travel.state.gov/content/dam/visas/Statistics/Non-Immigrant-Statistics/RefusalRates/FY09.pdf,https://web.archive.org/web/20170125113605id_/https://travel.state.gov/content/dam/visas/Statistics/Non-Immigrant-Statistics/RefusalRates/FY09.pdf,20170125113605,data/raw/D_dos_refusal_rates_FY09_2026-10-03.pdf,75d8b286293279de
2010,Argentina,AR,3.1,False,Argentina 3.1%,https://travel.state.gov/content/dam/visas/Statistics/Non-Immigrant-Statistics/RefusalRates/FY10.pdf,https://web.archive.org/web/20160811184707id_/https://travel.state.gov/content/dam/visas/Statistics/Non-Immigrant-Statistics/RefusalRates/FY10.pdf,20160811184707,data/raw/D_dos_refusal_rates_FY10_2026-10-03.pdf,0314aebf8e679514
2011,Argentina,AR,2.5,True,Argentina 2.5%,https://travel.state.gov/content/dam/visas/Statistics/Non-Immigrant-Statistics/RefusalRates/FY11.pdf,https://web.archive.org/web/20161229013303id_/https://travel.state.gov/content/dam/visas/Statistics/Non-Immigrant-Statistics/RefusalRates/FY11.pdf,20161229013303,data/raw/D_dos_refusal_rates_FY11_2026-10-03.pdf,ff44604d9c3568f3
2012,Argentina,AR,1.5,True,Argentina 1.5%,https://travel.state.gov/content/dam/visas/Statistics/Non-Immigrant-Statistics/RefusalRates/FY12.pdf,https://web.archive.org/web/20150711003139id_/http://travel.state.gov/content/dam/visas/Statistics/Non-Immigrant-Statistics/RefusalRates/FY12.pdf,20150711003139,data/raw/D_dos_refusal_rates_FY12_2026-10-03.pdf,e4e348961f9478d4
2013,Argentina,AR,1.7,True,Argentina 1.7%,https://travel.state.gov/content/dam/visas/Statistics/Non-Immigrant-Statistics/RefusalRates/FY13.pdf,https://web.archive.org/web/20141127084700id_/http://travel.state.gov:80/content/dam/visas/Statistics/Non-Immigrant-Statistics/RefusalRates/FY13.pdf,20141127084700,data/raw/D_dos_refusal_rates_FY13_2026-10-03.pdf,96a385b9ecb53482
2014,Argentina,AR,1.4,True,ARGENTINA 1.4%,https://travel.state.gov/content/dam/visas/Statistics/Non-Immigrant-Statistics/RefusalRates/FY14.pdf,https://web.archive.org/web/20160304050308id_/http://travel.state.gov/content/dam/visas/Statistics/Non-Immigrant-Statistics/RefusalRates/FY14.pdf,20160304050308,data/raw/D_dos_refusal_rates_FY14_2026-10-03.pdf,cdc8e290c8d0bc34
2015,Argentina,AR,2.14,True,ARGENTINA 2.14%,https://travel.state.gov/content/dam/visas/Statistics/Non-Immigrant-Statistics/RefusalRates/FY15.pdf,https://web.archive.org/web/20181204004638id_/https://travel.state.gov/content/dam/visas/Statistics/Non-Immigrant-Statistics/RefusalRates/FY15.pdf,20181204004638,data/raw/D_dos_refusal_rates_FY15_2026-10-03.pdf,46aa859eb734af80
2016,Argentina,AR,2.14,True,ARGENTINA 2.14%,https://travel.state.gov/content/dam/visas/Statistics/Non-Immigrant-Statistics/RefusalRates/FY16.pdf,https://web.archive.org/web/20180708215645id_/https://travel.state.gov/content/dam/visas/Statistics/Non-Immigrant-Statistics/RefusalRates/FY16.pdf,20180708215645,data/raw/D_dos_refusal_rates_FY16_2026-10-03.pdf,fce2b2d02779488a
2017,Argentina,AR,1.79,True,ARGENTINA 1.79%,https://travel.state.gov/content/dam/visas/Statistics/Non-Immigrant-Statistics/RefusalRates/FY17.pdf,https://web.archive.org/web/20190119115353id_/https://travel.state.gov/content/dam/visas/Statistics/Non-Immigrant-Statistics/RefusalRates/FY17.pdf,20190119115353,data/raw/D_dos_refusal_rates_FY17_2026-10-03.pdf,dcd2dd72e6e7ecf4
2018,Argentina,AR,1.73,True,ARGENTINA 1.73%,https://travel.state.gov/content/dam/visas/Statistics/Non-Immigrant-Statistics/RefusalRates/FY18.pdf,https://web.archive.org/web/20201107233054id_/https://travel.state.gov/content/dam/visas/Statistics/Non-Immigrant-Statistics/RefusalRates/FY18.pdf,20201107233054,data/raw/D_dos_refusal_rates_FY18_2026-10-03.pdf,9c840cdb0f480f45
2019,Argentina,AR,2.07,True,ARGENTINA 2.07%,https://travel.state.gov/content/dam/visas/Statistics/Non-Immigrant-Statistics/RefusalRates/FY19.pdf,https://web.archive.org/web/20211102121827id_/https://travel.state.gov/content/dam/visas/Statistics/Non-Immigrant-Statistics/RefusalRates/FY19.pdf,20211102121827,data/raw/D_dos_refusal_rates_FY19_2026-10-03.pdf,7a02db6d36a876bb
2020,Argentina,AR,2.79,True,ARGENTINA 2.79%,https://travel.state.gov/content/dam/visas/Statistics/Non-Immigrant-Statistics/RefusalRates/FY20.pdf,https://web.archive.org/web/20260501063448id_/https://travel.state.gov/content/dam/visas/Statistics/Non-Immigrant-Statistics/RefusalRates/FY20.pdf,20260501063448,data/raw/D_dos_refusal_rates_FY20_2026-10-03.pdf,7fa10c58d46f0ae1
2021,Argentina,AR,2.31,True,ARGENTINA 2.31%,https://travel.state.gov/content/dam/visas/Statistics/Non-Immigrant-Statistics/RefusalRates/FY21.pdf,https://web.archive.org/web/20260501063450id_/https://travel.state.gov/content/dam/visas/Statistics/Non-Immigrant-Statistics/RefusalRates/FY21.pdf,20260501063450,data/raw/D_dos_refusal_rates_FY21_2026-10-03.pdf,6894580cbfa93b04
2022,Argentina,AR,3.66,False,ARGENTINA 3.66%,https://travel.state.gov/content/dam/visas/Statistics/Non-Immigrant-Statistics/RefusalRates/FY22.pdf,https://web.archive.org/web/20240812063319id_/https://travel.state.gov/content/dam/visas/Statistics/Non-Immigrant-Statistics/RefusalRates/FY22.pdf,20240812063319,data/raw/D_dos_refusal_rates_FY22_2026-10-03.pdf,2473cb079093305e
2023,Argentina,AR,8.21,False,ARGENTINA 8.21%,https://travel.state.gov/content/dam/visas/Statistics/Non-Immigrant-Statistics/RefusalRates/FY23.pdf,https://web.archive.org/web/20250814175721id_/https://travel.state.gov/content/dam/visas/Statistics/Non-Immigrant-Statistics/RefusalRates/FY23.pdf,20250814175721,data/raw/D_dos_refusal_rates_FY23_2026-10-03.pdf,a9c79ff81a0fd1be
2024,Argentina,AR,8.9,False,ARGENTINA 8.90%,https://travel.state.gov/content/dam/visas/Statistics/Non-Immigrant-Statistics/RefusalRates/FY24.pdf,https://web.archive.org/web/20260117002208id_/https://travel.state.gov/content/dam/visas/Statistics/Non-Immigrant-Statistics/RefusalRates/FY24.pdf,20260117002208,data/raw/D_dos_refusal_rates_FY24_2026-10-03.pdf,a556f15c6f67bba9
2025,Argentina,AR,7.47,False,ARGENTINA 7.47%,https://travel.state.gov/content/dam/visas/Statistics/Non-Immigrant-Statistics/RefusalRates/FY25.pdf,https://web.archive.org/web/20260501063449id_/https://travel.state.gov/content/dam/visas/Statistics/Non-Immigrant-Statistics/RefusalRates/FY25.pdf,20260501063449,data/raw/D_dos_refusal_rates_FY25_2026-10-03.pdf,efe0365f062cf6c4
2006,Brazil,BR,13.2,False,Brazil 13.2%,https://travel.state.gov/content/dam/visas/Statistics/Non-Immigrant-Statistics/RefusalRates/FY06.pdf,https://web.archive.org/web/20160808131709id_/https://travel.state.gov/content/dam/visas/Statistics/Non-Immigrant-Statistics/RefusalRates/FY06.pdf,20160808131709,data/raw/D_dos_refusal_rates_FY06_2026-10-03.pdf,de098bf736da385e
2007,Brazil,BR,9.6,False,Brazil 9.6%,https://travel.state.gov/content/dam/visas/Statistics/Non-Immigrant-Statistics/RefusalRates/FY07.pdf,https://web.archive.org/web/20161214183011id_/https://travel.state.gov/content/dam/visas/Statistics/Non-Immigrant-Statistics/RefusalRates/FY07.pdf,20161214183011,data/raw/D_dos_refusal_rates_FY07_2026-10-03.pdf,455c8e3b8d880e85
2008,Brazil,BR,5.5,False,Brazil 5.5%,https://travel.state.gov/content/dam/visas/Statistics/Non-Immigrant-Statistics/RefusalRates/FY08.pdf,https://web.archive.org/web/20150107132401id_/http://travel.state.gov/content/dam/visas/Statistics/Non-Immigrant-Statistics/RefusalRates/FY08.pdf,20150107132401,data/raw/D_dos_refusal_rates_FY08_2026-10-03.pdf,3b4a6d8bfcb50916
2009,Brazil,BR,7.0,False,Brazil 7.0%,https://travel.state.gov/content/dam/visas/Statistics/Non-Immigrant-Statistics/RefusalRates/FY09.pdf,https://web.archive.org/web/20170125113605id_/https://travel.state.gov/content/dam/visas/Statistics/Non-Immigrant-Statistics/RefusalRates/FY09.pdf,20170125113605,data/raw/D_dos_refusal_rates_FY09_2026-10-03.pdf,75d8b286293279de
2010,Brazil,BR,5.2,False,Brazil 5.2%,https://travel.state.gov/content/dam/visas/Statistics/Non-Immigrant-Statistics/RefusalRates/FY10.pdf,https://web.archive.org/web/20160811184707id_/https://travel.state.gov/content/dam/visas/Statistics/Non-Immigrant-Statistics/RefusalRates/FY10.pdf,20160811184707,data/raw/D_dos_refusal_rates_FY10_2026-10-03.pdf,0314aebf8e679514
2011,Brazil,BR,3.8,False,Brazil 3.8%,https://travel.state.gov/content/dam/visas/Statistics/Non-Immigrant-Statistics/RefusalRates/FY11.pdf,https://web.archive.org/web/20161229013303id_/https://travel.state.gov/content/dam/visas/Statistics/Non-Immigrant-Statistics/RefusalRates/FY11.pdf,20161229013303,data/raw/D_dos_refusal_rates_FY11_2026-10-03.pdf,ff44604d9c3568f3
2012,Brazil,BR,3.2,False,Brazil 3.2%,https://travel.state.gov/content/dam/visas/Statistics/Non-Immigrant-Statistics/RefusalRates/FY12.pdf,https://web.archive.org/web/20150711003139id_/http://travel.state.gov/content/dam/visas/Statistics/Non-Immigrant-Statistics/RefusalRates/FY12.pdf,20150711003139,data/raw/D_dos_refusal_rates_FY12_2026-10-03.pdf,e4e348961f9478d4
2013,Brazil,BR,3.5,False,Brazil 3.5%,https://travel.state.gov/content/dam/visas/Statistics/Non-Immigrant-Statistics/RefusalRates/FY13.pdf,https://web.archive.org/web/20141127084700id_/http://travel.state.gov:80/content/dam/visas/Statistics/Non-Immigrant-Statistics/RefusalRates/FY13.pdf,20141127084700,data/raw/D_dos_refusal_rates_FY13_2026-10-03.pdf,96a385b9ecb53482
2014,Brazil,BR,3.2,False,BRAZIL 3.2%,https://travel.state.gov/content/dam/visas/Statistics/Non-Immigrant-Statistics/RefusalRates/FY14.pdf,https://web.archive.org/web/20160304050308id_/http://travel.state.gov/content/dam/visas/Statistics/Non-Immigrant-Statistics/RefusalRates/FY14.pdf,20160304050308,data/raw/D_dos_refusal_rates_FY14_2026-10-03.pdf,cdc8e290c8d0bc34
2015,Brazil,BR,5.36,False,BRAZIL 5.36%,https://travel.state.gov/content/dam/visas/Statistics/Non-Immigrant-Statistics/RefusalRates/FY15.pdf,https://web.archive.org/web/20181204004638id_/https://travel.state.gov/content/dam/visas/Statistics/Non-Immigrant-Statistics/RefusalRates/FY15.pdf,20181204004638,data/raw/D_dos_refusal_rates_FY15_2026-10-03.pdf,46aa859eb734af80
2016,Brazil,BR,16.7,False,BRAZIL 16.7%,https://travel.state.gov/content/dam/visas/Statistics/Non-Immigrant-Statistics/RefusalRates/FY16.pdf,https://web.archive.org/web/20180708215645id_/https://travel.state.gov/content/dam/visas/Statistics/Non-Immigrant-Statistics/RefusalRates/FY16.pdf,20180708215645,data/raw/D_dos_refusal_rates_FY16_2026-10-03.pdf,fce2b2d02779488a
2017,Brazil,BR,12.34,False,BRAZIL 12.34%,https://travel.state.gov/content/dam/visas/Statistics/Non-Immigrant-Statistics/RefusalRates/FY17.pdf,https://web.archive.org/web/20190119115353id_/https://travel.state.gov/content/dam/visas/Statistics/Non-Immigrant-Statistics/RefusalRates/FY17.pdf,20190119115353,data/raw/D_dos_refusal_rates_FY17_2026-10-03.pdf,dcd2dd72e6e7ecf4
2018,Brazil,BR,12.73,False,BRAZIL 12.73%,https://travel.state.gov/content/dam/visas/Statistics/Non-Immigrant-Statistics/RefusalRates/FY18.pdf,https://web.archive.org/web/20201107233054id_/https://travel.state.gov/content/dam/visas/Statistics/Non-Immigrant-Statistics/RefusalRates/FY18.pdf,20201107233054,data/raw/D_dos_refusal_rates_FY18_2026-10-03.pdf,9c840cdb0f480f45
2019,Brazil,BR,18.48,False,BRAZIL 18.48%,https://travel.state.gov/content/dam/visas/Statistics/Non-Immigrant-Statistics/RefusalRates/FY19.pdf,https://web.archive.org/web/20211102121827id_/https://travel.state.gov/content/dam/visas/Statistics/Non-Immigrant-Statistics/RefusalRates/FY19.pdf,20211102121827,data/raw/D_dos_refusal_rates_FY19_2026-10-03.pdf,7a02db6d36a876bb
2020,Brazil,BR,23.16,False,BRAZIL 23.16%,https://travel.state.gov/content/dam/visas/Statistics/Non-Immigrant-Statistics/RefusalRates/FY20.pdf,https://web.archive.org/web/20260501063448id_/https://travel.state.gov/content/dam/visas/Statistics/Non-Immigrant-Statistics/RefusalRates/FY20.pdf,20260501063448,data/raw/D_dos_refusal_rates_FY20_2026-10-03.pdf,7fa10c58d46f0ae1
2021,Brazil,BR,14.25,False,BRAZIL 14.25%,https://travel.state.gov/content/dam/visas/Statistics/Non-Immigrant-Statistics/RefusalRates/FY21.pdf,https://web.archive.org/web/20260501063450id_/https://travel.state.gov/content/dam/visas/Statistics/Non-Immigrant-Statistics/RefusalRates/FY21.pdf,20260501063450,data/raw/D_dos_refusal_rates_FY21_2026-10-03.pdf,6894580cbfa93b04
2022,Brazil,BR,14.48,False,BRAZIL 14.48%,https://travel.state.gov/content/dam/visas/Statistics/Non-Immigrant-Statistics/RefusalRates/FY22.pdf,https://web.archive.org/web/20240812063319id_/https://travel.state.gov/content/dam/visas/Statistics/Non-Immigrant-Statistics/RefusalRates/FY22.pdf,20240812063319,data/raw/D_dos_refusal_rates_FY22_2026-10-03.pdf,2473cb079093305e
2023,Brazil,BR,11.94,False,BRAZIL 11.94%,https://travel.state.gov/content/dam/visas/Statistics/Non-Immigrant-Statistics/RefusalRates/FY23.pdf,https://web.archive.org/web/20250814175721id_/https://travel.state.gov/content/dam/visas/Statistics/Non-Immigrant-Statistics/RefusalRates/FY23.pdf,20250814175721,data/raw/D_dos_refusal_rates_FY23_2026-10-03.pdf,a9c79ff81a0fd1be
2024,Brazil,BR,15.48,False,BRAZIL 15.48%,https://travel.state.gov/content/dam/visas/Statistics/Non-Immigrant-Statistics/RefusalRates/FY24.pdf,https://web.archive.org/web/20260117002208id_/https://travel.state.gov/content/dam/visas/Statistics/Non-Immigrant-Statistics/RefusalRates/FY24.pdf,20260117002208,data/raw/D_dos_refusal_rates_FY24_2026-10-03.pdf,a556f15c6f67bba9
2025,Brazil,BR,14.87,False,BRAZIL 14.87%,https://travel.state.gov/content/dam/visas/Statistics/Non-Immigrant-Statistics/RefusalRates/FY25.pdf,https://web.archive.org/web/20260501063449id_/https://travel.state.gov/content/dam/visas/Statistics/Non-Immigrant-Statistics/RefusalRates/FY25.pdf,20260501063449,data/raw/D_dos_refusal_rates_FY25_2026-10-03.pdf,efe0365f062cf6c4
2006,Chile,CL,7.5,False,Chile 7.5%,https://travel.state.gov/content/dam/visas/Statistics/Non-Immigrant-Statistics/RefusalRates/FY06.pdf,https://web.archive.org/web/20160808131709id_/https://travel.state.gov/content/dam/visas/Statistics/Non-Immigrant-Statistics/RefusalRates/FY06.pdf,20160808131709,data/raw/D_dos_refusal_rates_FY06_2026-10-03.pdf,de098bf736da385e
2007,Chile,CL,6.7,False,Chile 6.7%,https://travel.state.gov/content/dam/visas/Statistics/Non-Immigrant-Statistics/RefusalRates/FY07.pdf,https://web.archive.org/web/20161214183011id_/https://travel.state.gov/content/dam/visas/Statistics/Non-Immigrant-Statistics/RefusalRates/FY07.pdf,20161214183011,data/raw/D_dos_refusal_rates_FY07_2026-10-03.pdf,455c8e3b8d880e85
2008,Chile,CL,8.9,False,Chile 8.9%,https://travel.state.gov/content/dam/visas/Statistics/Non-Immigrant-Statistics/RefusalRates/FY08.pdf,https://web.archive.org/web/20150107132401id_/http://travel.state.gov/content/dam/visas/Statistics/Non-Immigrant-Statistics/RefusalRates/FY08.pdf,20150107132401,data/raw/D_dos_refusal_rates_FY08_2026-10-03.pdf,3b4a6d8bfcb50916
2009,Chile,CL,5.9,False,Chile 5.9%,https://travel.state.gov/content/dam/visas/Statistics/Non-Immigrant-Statistics/RefusalRates/FY09.pdf,https://web.archive.org/web/20170125113605id_/https://travel.state.gov/content/dam/visas/Statistics/Non-Immigrant-Statistics/RefusalRates/FY09.pdf,20170125113605,data/raw/D_dos_refusal_rates_FY09_2026-10-03.pdf,75d8b286293279de
2010,Chile,CL,5.0,False,Chile 5.0%,https://travel.state.gov/content/dam/visas/Statistics/Non-Immigrant-Statistics/RefusalRates/FY10.pdf,https://web.archive.org/web/20160811184707id_/https://travel.state.gov/content/dam/visas/Statistics/Non-Immigrant-Statistics/RefusalRates/FY10.pdf,20160811184707,data/raw/D_dos_refusal_rates_FY10_2026-10-03.pdf,0314aebf8e679514
2011,Chile,CL,3.4,False,Chile 3.4%,https://travel.state.gov/content/dam/visas/Statistics/Non-Immigrant-Statistics/RefusalRates/FY11.pdf,https://web.archive.org/web/20161229013303id_/https://travel.state.gov/content/dam/visas/Statistics/Non-Immigrant-Statistics/RefusalRates/FY11.pdf,20161229013303,data/raw/D_dos_refusal_rates_FY11_2026-10-03.pdf,ff44604d9c3568f3
2012,Chile,CL,2.8,True,Chile 2.8%,https://travel.state.gov/content/dam/visas/Statistics/Non-Immigrant-Statistics/RefusalRates/FY12.pdf,https://web.archive.org/web/20150711003139id_/http://travel.state.gov/content/dam/visas/Statistics/Non-Immigrant-Statistics/RefusalRates/FY12.pdf,20150711003139,data/raw/D_dos_refusal_rates_FY12_2026-10-03.pdf,e4e348961f9478d4
2013,Chile,CL,1.6,True,Chile 1.6%,https://travel.state.gov/content/dam/visas/Statistics/Non-Immigrant-Statistics/RefusalRates/FY13.pdf,https://web.archive.org/web/20141127084700id_/http://travel.state.gov:80/content/dam/visas/Statistics/Non-Immigrant-Statistics/RefusalRates/FY13.pdf,20141127084700,data/raw/D_dos_refusal_rates_FY13_2026-10-03.pdf,96a385b9ecb53482
2014,Chile,CL,2.4,True,CHILE 2.4%,https://travel.state.gov/content/dam/visas/Statistics/Non-Immigrant-Statistics/RefusalRates/FY14.pdf,https://web.archive.org/web/20160304050308id_/http://travel.state.gov/content/dam/visas/Statistics/Non-Immigrant-Statistics/RefusalRates/FY14.pdf,20160304050308,data/raw/D_dos_refusal_rates_FY14_2026-10-03.pdf,cdc8e290c8d0bc34
2015,Chile,CL,13.66,False,CHILE 13.66%,https://travel.state.gov/content/dam/visas/Statistics/Non-Immigrant-Statistics/RefusalRates/FY15.pdf,https://web.archive.org/web/20181204004638id_/https://travel.state.gov/content/dam/visas/Statistics/Non-Immigrant-Statistics/RefusalRates/FY15.pdf,20181204004638,data/raw/D_dos_refusal_rates_FY15_2026-10-03.pdf,46aa859eb734af80
2016,Chile,CL,11.43,False,CHILE 11.43%,https://travel.state.gov/content/dam/visas/Statistics/Non-Immigrant-Statistics/RefusalRates/FY16.pdf,https://web.archive.org/web/20180708215645id_/https://travel.state.gov/content/dam/visas/Statistics/Non-Immigrant-Statistics/RefusalRates/FY16.pdf,20180708215645,data/raw/D_dos_refusal_rates_FY16_2026-10-03.pdf,fce2b2d02779488a
2017,Chile,CL,13.87,False,CHILE 13.87%,https://travel.state.gov/content/dam/visas/Statistics/Non-Immigrant-Statistics/RefusalRates/FY17.pdf,https://web.archive.org/web/20190119115353id_/https://travel.state.gov/content/dam/visas/Statistics/Non-Immigrant-Statistics/RefusalRates/FY17.pdf,20190119115353,data/raw/D_dos_refusal_rates_FY17_2026-10-03.pdf,dcd2dd72e6e7ecf4
2018,Chile,CL,11.34,False,CHILE 11.34%,https://travel.state.gov/content/dam/visas/Statistics/Non-Immigrant-Statistics/RefusalRates/FY18.pdf,https://web.archive.org/web/20201107233054id_/https://travel.state.gov/content/dam/visas/Statistics/Non-Immigrant-Statistics/RefusalRates/FY18.pdf,20201107233054,data/raw/D_dos_refusal_rates_FY18_2026-10-03.pdf,9c840cdb0f480f45
2019,Chile,CL,15.32,False,CHILE 15.32%,https://travel.state.gov/content/dam/visas/Statistics/Non-Immigrant-Statistics/RefusalRates/FY19.pdf,https://web.archive.org/web/20211102121827id_/https://travel.state.gov/content/dam/visas/Statistics/Non-Immigrant-Statistics/RefusalRates/FY19.pdf,20211102121827,data/raw/D_dos_refusal_rates_FY19_2026-10-03.pdf,7a02db6d36a876bb
2020,Chile,CL,11.54,False,CHILE 11.54%,https://travel.state.gov/content/dam/visas/Statistics/Non-Immigrant-Statistics/RefusalRates/FY20.pdf,https://web.archive.org/web/20260501063448id_/https://travel.state.gov/content/dam/visas/Statistics/Non-Immigrant-Statistics/RefusalRates/FY20.pdf,20260501063448,data/raw/D_dos_refusal_rates_FY20_2026-10-03.pdf,7fa10c58d46f0ae1
2021,Chile,CL,13.42,False,CHILE 13.42%,https://travel.state.gov/content/dam/visas/Statistics/Non-Immigrant-Statistics/RefusalRates/FY21.pdf,https://web.archive.org/web/20260501063450id_/https://travel.state.gov/content/dam/visas/Statistics/Non-Immigrant-Statistics/RefusalRates/FY21.pdf,20260501063450,data/raw/D_dos_refusal_rates_FY21_2026-10-03.pdf,6894580cbfa93b04
2022,Chile,CL,13.75,False,CHILE 13.75%,https://travel.state.gov/content/dam/visas/Statistics/Non-Immigrant-Statistics/RefusalRates/FY22.pdf,https://web.archive.org/web/20240812063319id_/https://travel.state.gov/content/dam/visas/Statistics/Non-Immigrant-Statistics/RefusalRates/FY22.pdf,20240812063319,data/raw/D_dos_refusal_rates_FY22_2026-10-03.pdf,2473cb079093305e
2023,Chile,CL,16.12,False,CHILE 16.12%,https://travel.state.gov/content/dam/visas/Statistics/Non-Immigrant-Statistics/RefusalRates/FY23.pdf,https://web.archive.org/web/20250814175721id_/https://travel.state.gov/content/dam/visas/Statistics/Non-Immigrant-Statistics/RefusalRates/FY23.pdf,20250814175721,data/raw/D_dos_refusal_rates_FY23_2026-10-03.pdf,a9c79ff81a0fd1be
2024,Chile,CL,20.15,False,CHILE 20.15%,https://travel.state.gov/content/dam/visas/Statistics/Non-Immigrant-Statistics/RefusalRates/FY24.pdf,https://web.archive.org/web/20260117002208id_/https://travel.state.gov/content/dam/visas/Statistics/Non-Immigrant-Statistics/RefusalRates/FY24.pdf,20260117002208,data/raw/D_dos_refusal_rates_FY24_2026-10-03.pdf,a556f15c6f67bba9
2025,Chile,CL,16.38,False,CHILE 16.38%,https://travel.state.gov/content/dam/visas/Statistics/Non-Immigrant-Statistics/RefusalRates/FY25.pdf,https://web.archive.org/web/20260501063449id_/https://travel.state.gov/content/dam/visas/Statistics/Non-Immigrant-Statistics/RefusalRates/FY25.pdf,20260501063449,data/raw/D_dos_refusal_rates_FY25_2026-10-03.pdf,efe0365f062cf6c4
2006,Uruguay,UY,12.6,False,Uruguay 12.6%,https://travel.state.gov/content/dam/visas/Statistics/Non-Immigrant-Statistics/RefusalRates/FY06.pdf,https://web.archive.org/web/20160808131709id_/https://travel.state.gov/content/dam/visas/Statistics/Non-Immigrant-Statistics/RefusalRates/FY06.pdf,20160808131709,data/raw/D_dos_refusal_rates_FY06_2026-10-03.pdf,de098bf736da385e
2007,Uruguay,UY,12.1,False,Uruguay 12.1%,https://travel.state.gov/content/dam/visas/Statistics/Non-Immigrant-Statistics/RefusalRates/FY07.pdf,https://web.archive.org/web/20161214183011id_/https://travel.state.gov/content/dam/visas/Statistics/Non-Immigrant-Statistics/RefusalRates/FY07.pdf,20161214183011,data/raw/D_dos_refusal_rates_FY07_2026-10-03.pdf,455c8e3b8d880e85
2008,Uruguay,UY,9.5,False,Uruguay 9.5%,https://travel.state.gov/content/dam/visas/Statistics/Non-Immigrant-Statistics/RefusalRates/FY08.pdf,https://web.archive.org/web/20150107132401id_/http://travel.state.gov/content/dam/visas/Statistics/Non-Immigrant-Statistics/RefusalRates/FY08.pdf,20150107132401,data/raw/D_dos_refusal_rates_FY08_2026-10-03.pdf,3b4a6d8bfcb50916
2009,Uruguay,UY,5.4,False,Uruguay 5.4%,https://travel.state.gov/content/dam/visas/Statistics/Non-Immigrant-Statistics/RefusalRates/FY09.pdf,https://web.archive.org/web/20170125113605id_/https://travel.state.gov/content/dam/visas/Statistics/Non-Immigrant-Statistics/RefusalRates/FY09.pdf,20170125113605,data/raw/D_dos_refusal_rates_FY09_2026-10-03.pdf,75d8b286293279de
2010,Uruguay,UY,5.6,False,Uruguay 5.6%,https://travel.state.gov/content/dam/visas/Statistics/Non-Immigrant-Statistics/RefusalRates/FY10.pdf,https://web.archive.org/web/20160811184707id_/https://travel.state.gov/content/dam/visas/Statistics/Non-Immigrant-Statistics/RefusalRates/FY10.pdf,20160811184707,data/raw/D_dos_refusal_rates_FY10_2026-10-03.pdf,0314aebf8e679514
2011,Uruguay,UY,3.8,False,Uruguay 3.8%,https://travel.state.gov/content/dam/visas/Statistics/Non-Immigrant-Statistics/RefusalRates/FY11.pdf,https://web.archive.org/web/20161229013303id_/https://travel.state.gov/content/dam/visas/Statistics/Non-Immigrant-Statistics/RefusalRates/FY11.pdf,20161229013303,data/raw/D_dos_refusal_rates_FY11_2026-10-03.pdf,ff44604d9c3568f3
2012,Uruguay,UY,2.7,True,Uruguay 2.7%,https://travel.state.gov/content/dam/visas/Statistics/Non-Immigrant-Statistics/RefusalRates/FY12.pdf,https://web.archive.org/web/20150711003139id_/http://travel.state.gov/content/dam/visas/Statistics/Non-Immigrant-Statistics/RefusalRates/FY12.pdf,20150711003139,data/raw/D_dos_refusal_rates_FY12_2026-10-03.pdf,e4e348961f9478d4
2013,Uruguay,UY,2.8,True,Uruguay 2.8%,https://travel.state.gov/content/dam/visas/Statistics/Non-Immigrant-Statistics/RefusalRates/FY13.pdf,https://web.archive.org/web/20141127084700id_/http://travel.state.gov:80/content/dam/visas/Statistics/Non-Immigrant-Statistics/RefusalRates/FY13.pdf,20141127084700,data/raw/D_dos_refusal_rates_FY13_2026-10-03.pdf,96a385b9ecb53482
2014,Uruguay,UY,1.8,True,URUGUAY 1.8%,https://travel.state.gov/content/dam/visas/Statistics/Non-Immigrant-Statistics/RefusalRates/FY14.pdf,https://web.archive.org/web/20160304050308id_/http://travel.state.gov/content/dam/visas/Statistics/Non-Immigrant-Statistics/RefusalRates/FY14.pdf,20160304050308,data/raw/D_dos_refusal_rates_FY14_2026-10-03.pdf,cdc8e290c8d0bc34
2015,Uruguay,UY,2.7,True,URUGUAY 2.7%,https://travel.state.gov/content/dam/visas/Statistics/Non-Immigrant-Statistics/RefusalRates/FY15.pdf,https://web.archive.org/web/20181204004638id_/https://travel.state.gov/content/dam/visas/Statistics/Non-Immigrant-Statistics/RefusalRates/FY15.pdf,20181204004638,data/raw/D_dos_refusal_rates_FY15_2026-10-03.pdf,46aa859eb734af80
2016,Uruguay,UY,3.14,False,URUGUAY 3.14%,https://travel.state.gov/content/dam/visas/Statistics/Non-Immigrant-Statistics/RefusalRates/FY16.pdf,https://web.archive.org/web/20180708215645id_/https://travel.state.gov/content/dam/visas/Statistics/Non-Immigrant-Statistics/RefusalRates/FY16.pdf,20180708215645,data/raw/D_dos_refusal_rates_FY16_2026-10-03.pdf,fce2b2d02779488a
2017,Uruguay,UY,3.19,False,URUGUAY 3.19%,https://travel.state.gov/content/dam/visas/Statistics/Non-Immigrant-Statistics/RefusalRates/FY17.pdf,https://web.archive.org/web/20190119115353id_/https://travel.state.gov/content/dam/visas/Statistics/Non-Immigrant-Statistics/RefusalRates/FY17.pdf,20190119115353,data/raw/D_dos_refusal_rates_FY17_2026-10-03.pdf,dcd2dd72e6e7ecf4
2018,Uruguay,UY,4.11,False,URUGUAY 4.11%,https://travel.state.gov/content/dam/visas/Statistics/Non-Immigrant-Statistics/RefusalRates/FY18.pdf,https://web.archive.org/web/20201107233054id_/https://travel.state.gov/content/dam/visas/Statistics/Non-Immigrant-Statistics/RefusalRates/FY18.pdf,20201107233054,data/raw/D_dos_refusal_rates_FY18_2026-10-03.pdf,9c840cdb0f480f45
2019,Uruguay,UY,5.91,False,URUGUAY 5.91%,https://travel.state.gov/content/dam/visas/Statistics/Non-Immigrant-Statistics/RefusalRates/FY19.pdf,https://web.archive.org/web/20211102121827id_/https://travel.state.gov/content/dam/visas/Statistics/Non-Immigrant-Statistics/RefusalRates/FY19.pdf,20211102121827,data/raw/D_dos_refusal_rates_FY19_2026-10-03.pdf,7a02db6d36a876bb
2020,Uruguay,UY,9.77,False,URUGUAY 9.77%,https://travel.state.gov/content/dam/visas/Statistics/Non-Immigrant-Statistics/RefusalRates/FY20.pdf,https://web.archive.org/web/20260501063448id_/https://travel.state.gov/content/dam/visas/Statistics/Non-Immigrant-Statistics/RefusalRates/FY20.pdf,20260501063448,data/raw/D_dos_refusal_rates_FY20_2026-10-03.pdf,7fa10c58d46f0ae1
2021,Uruguay,UY,8.82,False,URUGUAY 8.82%,https://travel.state.gov/content/dam/visas/Statistics/Non-Immigrant-Statistics/RefusalRates/FY21.pdf,https://web.archive.org/web/20260501063450id_/https://travel.state.gov/content/dam/visas/Statistics/Non-Immigrant-Statistics/RefusalRates/FY21.pdf,20260501063450,data/raw/D_dos_refusal_rates_FY21_2026-10-03.pdf,6894580cbfa93b04
2022,Uruguay,UY,5.7,False,URUGUAY 5.70%,https://travel.state.gov/content/dam/visas/Statistics/Non-Immigrant-Statistics/RefusalRates/FY22.pdf,https://web.archive.org/web/20240812063319id_/https://travel.state.gov/content/dam/visas/Statistics/Non-Immigrant-Statistics/RefusalRates/FY22.pdf,20240812063319,data/raw/D_dos_refusal_rates_FY22_2026-10-03.pdf,2473cb079093305e
2023,Uruguay,UY,3.21,False,URUGUAY 3.21%,https://travel.state.gov/content/dam/visas/Statistics/Non-Immigrant-Statistics/RefusalRates/FY23.pdf,https://web.archive.org/web/20250814175721id_/https://travel.state.gov/content/dam/visas/Statistics/Non-Immigrant-Statistics/RefusalRates/FY23.pdf,20250814175721,data/raw/D_dos_refusal_rates_FY23_2026-10-03.pdf,a9c79ff81a0fd1be
2024,Uruguay,UY,2.63,True,URUGUAY 2.63%,https://travel.state.gov/content/dam/visas/Statistics/Non-Immigrant-Statistics/RefusalRates/FY24.pdf,https://web.archive.org/web/20260117002208id_/https://travel.state.gov/content/dam/visas/Statistics/Non-Immigrant-Statistics/RefusalRates/FY24.pdf,20260117002208,data/raw/D_dos_refusal_rates_FY24_2026-10-03.pdf,a556f15c6f67bba9
2025,Uruguay,UY,2.59,True,URUGUAY 2.59%,https://travel.state.gov/content/dam/visas/Statistics/Non-Immigrant-Statistics/RefusalRates/FY25.pdf,https://web.archive.org/web/20260501063449id_/https://travel.state.gov/content/dam/visas/Statistics/Non-Immigrant-Statistics/RefusalRates/FY25.pdf,20260501063449,data/raw/D_dos_refusal_rates_FY25_2026-10-03.pdf,efe0365f062cf6c4
