fy,pais,clase,emitidas,hoja,fila,fuente_url,captura_wayback,timestamp_captura,archivo_local,sha256
2006,Argentina,"B-1,2",81430,Sheet5,201,https://travel.state.gov/content/dam/visas/Statistics/Non-Immigrant-Statistics/NIVDetailTables/FY06NIVDetailTable.xlsx,https://web.archive.org/web/20260430115049id_/https://travel.state.gov/content/dam/visas/Statistics/Non-Immigrant-Statistics/NIVDetailTables/FY06NIVDetailTable.xls,20260430115049,data/raw/D_dos_niv_detail_FY06_2026-10-03.xls,98bdef8faaf5271d
2007,Argentina,"B-1,2",95754,FY2007,205,https://travel.state.gov/content/dam/visas/Statistics/Non-Immigrant-Statistics/NIVDetailTables/FY07NIVDetailTable.xlsx,https://web.archive.org/web/20150912162233id_/http://travel.state.gov/content/dam/visas/Statistics/Non-Immigrant-Statistics/NIVDetailTables/FY07NIVDetailTable.xls,20150912162233,data/raw/D_dos_niv_detail_FY07_2026-10-03.xls,b18b0b5988576c87
2008,Argentina,"B-1,2",106024,FY2008,208,https://travel.state.gov/content/dam/visas/Statistics/Non-Immigrant-Statistics/NIVDetailTables/FY08NIVDetailTable.xlsx,https://web.archive.org/web/20150912162238id_/http://travel.state.gov/content/dam/visas/Statistics/Non-Immigrant-Statistics/NIVDetailTables/FY08NIVDetailTable.xls,20150912162238,data/raw/D_dos_niv_detail_FY08_2026-10-03.xls,b9fdc80a7f603fe8
2009,Argentina,"B-1,2",118663,Sheet1,208,https://travel.state.gov/content/dam/visas/Statistics/Non-Immigrant-Statistics/NIVDetailTables/FY09NIVDetailTable.xlsx,https://web.archive.org/web/20150914160732id_/http://travel.state.gov/content/dam/visas/Statistics/Non-Immigrant-Statistics/NIVDetailTables/FY09NIVDetailTable.xls,20150914160732,data/raw/D_dos_niv_detail_FY09_2026-10-03.xls,512fa5cdf90661f3
2010,Argentina,"B-1,2",136283,Sheet1,208,https://travel.state.gov/content/dam/visas/Statistics/Non-Immigrant-Statistics/NIVDetailTables/FY10NIVDetailTable.xlsx,https://web.archive.org/web/20150912144909id_/http://travel.state.gov/content/dam/visas/Statistics/Non-Immigrant-Statistics/NIVDetailTables/FY10NIVDetailTable.xls,20150912144909,data/raw/D_dos_niv_detail_FY10_2026-10-03.xls,382b5e755cd9f070
2011,Argentina,"B-1,2",182191,Sheet1,209,https://travel.state.gov/content/dam/visas/Statistics/Non-Immigrant-Statistics/NIVDetailTables/FY11NIVDetailTable.xlsx,https://web.archive.org/web/20150912113855id_/http://travel.state.gov/content/dam/visas/Statistics/Non-Immigrant-Statistics/NIVDetailTables/FY11NIVDetailTable.xls,20150912113855,data/raw/D_dos_niv_detail_FY11_2026-10-03.xls,66177f1c1e214e6b
2012,Argentina,"B-1,2",249029,Sheet1,210,https://travel.state.gov/content/dam/visas/Statistics/Non-Immigrant-Statistics/NIVDetailTables/FY12NIVDetailTable.xlsx,https://web.archive.org/web/20260430115050id_/https://travel.state.gov/content/dam/visas/Statistics/Non-Immigrant-Statistics/NIVDetailTables/FY12NIVDetailTable.xls,20260430115050,data/raw/D_dos_niv_detail_FY12_2026-10-03.xls,68bc630d3cd78a22
2013,Argentina,"B-1,2",240653,FY13,208,https://travel.state.gov/content/dam/visas/Statistics/Non-Immigrant-Statistics/NIVDetailTables/FY13NIVDetailTable.xlsx,https://web.archive.org/web/20260430115053id_/https://travel.state.gov/content/dam/visas/Statistics/Non-Immigrant-Statistics/NIVDetailTables/FY13NIVDetailTable.xls,20260430115053,data/raw/D_dos_niv_detail_FY13_2026-10-03.xls,a883aabb1fa9f354
2014,Argentina,"B-1,2",217861,FY14,208,https://travel.state.gov/content/dam/visas/Statistics/Non-Immigrant-Statistics/NIVDetailTables/FY14NIVDetailTable.xlsx,https://web.archive.org/web/20160308013206id_/http://www.travel.state.gov/content/dam/visas/Statistics/Non-Immigrant-Statistics/NIVDetailTables/FY14NIVDetailTable.xls,20160308013206,data/raw/D_dos_niv_detail_FY14_2026-10-03.xls,a18ac6ec3e5e2b9e
2015,Argentina,"B-1,2",240115,Sheet1,208,https://travel.state.gov/content/dam/visas/Statistics/Non-Immigrant-Statistics/NIVDetailTables/FY15NIVDetailTable.xlsx,https://web.archive.org/web/20260430115051id_/https://travel.state.gov/content/dam/visas/Statistics/Non-Immigrant-Statistics/NIVDetailTables/FY15%20NIV%20Detail%20Table.xls,20260430115051,data/raw/D_dos_niv_detail_FY15_2026-10-03.xls,b7d75491f093b419
2016,Argentina,"B-1,2",295326,FY16,208,https://travel.state.gov/content/dam/visas/Statistics/Non-Immigrant-Statistics/NIVDetailTables/FY16NIVDetailTable.xlsx,https://web.archive.org/web/20170314023101id_/https://travel.state.gov/content/dam/visas/Statistics/Non-Immigrant-Statistics/NIVDetailTables/FY16%20NIV%20Detail%20Table.xls,20170314023101,data/raw/D_dos_niv_detail_FY16_2026-10-03.xls,014c528f5ed4167b
2017,Argentina,"B-1,2",353555,Sheet1,208,https://travel.state.gov/content/dam/visas/Statistics/Non-Immigrant-Statistics/NIVDetailTables/FY17NIVDetailTable.xlsx,https://web.archive.org/web/20260430115053id_/https://travel.state.gov/content/dam/visas/Statistics/Non-Immigrant-Statistics/NIVDetailTables/FY17%20NIV%20Detail%20Table.xlsx,20260430115053,data/raw/D_dos_niv_detail_FY17_2026-10-03.xlsx,aa98e53c518d651b
2018,Argentina,"B-1,2",328162,Sheet1,208,https://travel.state.gov/content/dam/visas/Statistics/Non-Immigrant-Statistics/NIVDetailTables/FY18NIVDetailTable.xlsx,https://web.archive.org/web/20260430115046id_/https://travel.state.gov/content/dam/visas/Statistics/Non-Immigrant-Statistics/NIVDetailTables/FY18%20NIV%20Detail%20Table.xlsx,20260430115046,data/raw/D_dos_niv_detail_FY18_2026-10-03.xlsx,299a652be66d5f62
2019,Argentina,"B-1,2",212011,Sheet1,208,https://travel.state.gov/content/dam/visas/Statistics/Non-Immigrant-Statistics/NIVDetailTables/FY19NIVDetailTable.xlsx,https://web.archive.org/web/20201229162133id_/https://travel.state.gov/content/dam/visas/Statistics/Non-Immigrant-Statistics/NIVDetailTables/FY19NIVDetailTable.xlsx,20201229162133,data/raw/D_dos_niv_detail_FY19_2026-10-03.xlsx,99808808dcfb5cfd
2020,Argentina,"B-1,2",82146,Sheet1,208,https://travel.state.gov/content/dam/visas/Statistics/Non-Immigrant-Statistics/NIVDetailTables/FY20NIVDetailTable.xlsx,https://web.archive.org/web/20260430115047id_/https://travel.state.gov/content/dam/visas/Statistics/Non-Immigrant-Statistics/NIVDetailTables/FY20NIVDetailTable.xlsx,20260430115047,data/raw/D_dos_niv_detail_FY20_2026-10-03.xlsx,bcd81c1c885dd77b
2021,Argentina,"B-1,2",32821,Sheet1,208,https://travel.state.gov/content/dam/visas/Statistics/Non-Immigrant-Statistics/NIVDetailTables/FY21NIVDetailTable.xlsx,https://web.archive.org/web/20230326004032id_/https://travel.state.gov/content/dam/visas/Statistics/Non-Immigrant-Statistics/NIVDetailTables/FY21NIVDetailTable.xlsx,20230326004032,data/raw/D_dos_niv_detail_FY21_2026-10-03.xlsx,75003a88c1e2045e
2022,Argentina,B1/B2,202479,NIV_FY22,208,https://travel.state.gov/content/dam/visas/Statistics/Non-Immigrant-Statistics/NIVDetailTables/FY22NIVDetailTable.xlsx,https://web.archive.org/web/20260430115048id_/https://travel.state.gov/content/dam/visas/Statistics/Non-Immigrant-Statistics/NIVDetailTables/FY22NIVDetailTable.xlsx,20260430115048,data/raw/D_dos_niv_detail_FY22_2026-10-03.xlsx,66dd02cf9070ff2e
2023,Argentina,B1/B2,273206,Sheet1,208,https://travel.state.gov/content/dam/visas/Statistics/Non-Immigrant-Statistics/NIVDetailTables/FY23NIVDetailTable.xlsx,https://web.archive.org/web/20250117141538id_/https://travel.state.gov/content/dam/visas/Statistics/Non-Immigrant-Statistics/NIVDetailTables/FY23NIVDetailTable.xlsx,20250117141538,data/raw/D_dos_niv_detail_FY23_2026-10-03.xlsx,44890e9da18b47c2
2024,Argentina,B1/B2,272762,Sheet1,208,https://travel.state.gov/content/dam/visas/Statistics/Non-Immigrant-Statistics/NIVDetailTables/FY24NIVDetailTable.xlsx,https://web.archive.org/web/20260117062240id_/https://travel.state.gov/content/dam/visas/Statistics/Non-Immigrant-Statistics/NIVDetailTables/FY24NIVDetailTable.xlsx,20260117062240,data/raw/D_dos_niv_detail_FY24_2026-10-03.xlsx,ea8488b6d43e1436
