fy,url,captura,ts,archivo
2006,https://travel.state.gov/content/dam/visas/Statistics/Non-Immigrant-Statistics/RefusalRates/FY06.pdf,https://web.archive.org/web/20160808131709id_/https://travel.state.gov/content/dam/visas/Statistics/Non-Immigrant-Statistics/RefusalRates/FY06.pdf,20160808131709,data/raw/D_dos_refusal_rates_FY06_2026-10-03.pdf
2007,https://travel.state.gov/content/dam/visas/Statistics/Non-Immigrant-Statistics/RefusalRates/FY07.pdf,https://web.archive.org/web/20161214183011id_/https://travel.state.gov/content/dam/visas/Statistics/Non-Immigrant-Statistics/RefusalRates/FY07.pdf,20161214183011,data/raw/D_dos_refusal_rates_FY07_2026-10-03.pdf
2008,https://travel.state.gov/content/dam/visas/Statistics/Non-Immigrant-Statistics/RefusalRates/FY08.pdf,https://web.archive.org/web/20150107132401id_/http://travel.state.gov/content/dam/visas/Statistics/Non-Immigrant-Statistics/RefusalRates/FY08.pdf,20150107132401,data/raw/D_dos_refusal_rates_FY08_2026-10-03.pdf
2009,https://travel.state.gov/content/dam/visas/Statistics/Non-Immigrant-Statistics/RefusalRates/FY09.pdf,https://web.archive.org/web/20170125113605id_/https://travel.state.gov/content/dam/visas/Statistics/Non-Immigrant-Statistics/RefusalRates/FY09.pdf,20170125113605,data/raw/D_dos_refusal_rates_FY09_2026-10-03.pdf
2010,https://travel.state.gov/content/dam/visas/Statistics/Non-Immigrant-Statistics/RefusalRates/FY10.pdf,https://web.archive.org/web/20160811184707id_/https://travel.state.gov/content/dam/visas/Statistics/Non-Immigrant-Statistics/RefusalRates/FY10.pdf,20160811184707,data/raw/D_dos_refusal_rates_FY10_2026-10-03.pdf
2011,https://travel.state.gov/content/dam/visas/Statistics/Non-Immigrant-Statistics/RefusalRates/FY11.pdf,https://web.archive.org/web/20161229013303id_/https://travel.state.gov/content/dam/visas/Statistics/Non-Immigrant-Statistics/RefusalRates/FY11.pdf,20161229013303,data/raw/D_dos_refusal_rates_FY11_2026-10-03.pdf
2012,https://travel.state.gov/content/dam/visas/Statistics/Non-Immigrant-Statistics/RefusalRates/FY12.pdf,https://web.archive.org/web/20150711003139id_/http://travel.state.gov/content/dam/visas/Statistics/Non-Immigrant-Statistics/RefusalRates/FY12.pdf,20150711003139,data/raw/D_dos_refusal_rates_FY12_2026-10-03.pdf
2013,https://travel.state.gov/content/dam/visas/Statistics/Non-Immigrant-Statistics/RefusalRates/FY13.pdf,https://web.archive.org/web/20141127084700id_/http://travel.state.gov:80/content/dam/visas/Statistics/Non-Immigrant-Statistics/RefusalRates/FY13.pdf,20141127084700,data/raw/D_dos_refusal_rates_FY13_2026-10-03.pdf
2014,https://travel.state.gov/content/dam/visas/Statistics/Non-Immigrant-Statistics/RefusalRates/FY14.pdf,https://web.archive.org/web/20160304050308id_/http://travel.state.gov/content/dam/visas/Statistics/Non-Immigrant-Statistics/RefusalRates/FY14.pdf,20160304050308,data/raw/D_dos_refusal_rates_FY14_2026-10-03.pdf
2015,https://travel.state.gov/content/dam/visas/Statistics/Non-Immigrant-Statistics/RefusalRates/FY15.pdf,https://web.archive.org/web/20181204004638id_/https://travel.state.gov/content/dam/visas/Statistics/Non-Immigrant-Statistics/RefusalRates/FY15.pdf,20181204004638,data/raw/D_dos_refusal_rates_FY15_2026-10-03.pdf
2016,https://travel.state.gov/content/dam/visas/Statistics/Non-Immigrant-Statistics/RefusalRates/FY16.pdf,https://web.archive.org/web/20180708215645id_/https://travel.state.gov/content/dam/visas/Statistics/Non-Immigrant-Statistics/RefusalRates/FY16.pdf,20180708215645,data/raw/D_dos_refusal_rates_FY16_2026-10-03.pdf
2017,https://travel.state.gov/content/dam/visas/Statistics/Non-Immigrant-Statistics/RefusalRates/FY17.pdf,https://web.archive.org/web/20190119115353id_/https://travel.state.gov/content/dam/visas/Statistics/Non-Immigrant-Statistics/RefusalRates/FY17.pdf,20190119115353,data/raw/D_dos_refusal_rates_FY17_2026-10-03.pdf
2018,https://travel.state.gov/content/dam/visas/Statistics/Non-Immigrant-Statistics/RefusalRates/FY18.pdf,https://web.archive.org/web/20201107233054id_/https://travel.state.gov/content/dam/visas/Statistics/Non-Immigrant-Statistics/RefusalRates/FY18.pdf,20201107233054,data/raw/D_dos_refusal_rates_FY18_2026-10-03.pdf
2019,https://travel.state.gov/content/dam/visas/Statistics/Non-Immigrant-Statistics/RefusalRates/FY19.pdf,https://web.archive.org/web/20211102121827id_/https://travel.state.gov/content/dam/visas/Statistics/Non-Immigrant-Statistics/RefusalRates/FY19.pdf,20211102121827,data/raw/D_dos_refusal_rates_FY19_2026-10-03.pdf
2020,https://travel.state.gov/content/dam/visas/Statistics/Non-Immigrant-Statistics/RefusalRates/FY20.pdf,https://web.archive.org/web/20260501063448id_/https://travel.state.gov/content/dam/visas/Statistics/Non-Immigrant-Statistics/RefusalRates/FY20.pdf,20260501063448,data/raw/D_dos_refusal_rates_FY20_2026-10-03.pdf
2021,https://travel.state.gov/content/dam/visas/Statistics/Non-Immigrant-Statistics/RefusalRates/FY21.pdf,https://web.archive.org/web/20260501063450id_/https://travel.state.gov/content/dam/visas/Statistics/Non-Immigrant-Statistics/RefusalRates/FY21.pdf,20260501063450,data/raw/D_dos_refusal_rates_FY21_2026-10-03.pdf
2022,https://travel.state.gov/content/dam/visas/Statistics/Non-Immigrant-Statistics/RefusalRates/FY22.pdf,https://web.archive.org/web/20240812063319id_/https://travel.state.gov/content/dam/visas/Statistics/Non-Immigrant-Statistics/RefusalRates/FY22.pdf,20240812063319,data/raw/D_dos_refusal_rates_FY22_2026-10-03.pdf
2023,https://travel.state.gov/content/dam/visas/Statistics/Non-Immigrant-Statistics/RefusalRates/FY23.pdf,https://web.archive.org/web/20250814175721id_/https://travel.state.gov/content/dam/visas/Statistics/Non-Immigrant-Statistics/RefusalRates/FY23.pdf,20250814175721,data/raw/D_dos_refusal_rates_FY23_2026-10-03.pdf
2024,https://travel.state.gov/content/dam/visas/Statistics/Non-Immigrant-Statistics/RefusalRates/FY24.pdf,https://web.archive.org/web/20260117002208id_/https://travel.state.gov/content/dam/visas/Statistics/Non-Immigrant-Statistics/RefusalRates/FY24.pdf,20260117002208,data/raw/D_dos_refusal_rates_FY24_2026-10-03.pdf
2025,https://travel.state.gov/content/dam/visas/Statistics/Non-Immigrant-Statistics/RefusalRates/FY25.pdf,https://web.archive.org/web/20260501063449id_/https://travel.state.gov/content/dam/visas/Statistics/Non-Immigrant-Statistics/RefusalRates/FY25.pdf,20260501063449,data/raw/D_dos_refusal_rates_FY25_2026-10-03.pdf
