consulta,termino,pais,indice
Q4,argentina citizenship,Switzerland,44
Q4,argentina citizenship,Russia,43
Q4,argentina citizenship,Finland,42
Q4,argentina citizenship,St. Helena,41
Q4,argentina citizenship,Sweden,41
Q4,argentina citizenship,Hungary,39
Q4,argentina citizenship,Portugal,38
Q4,argentina citizenship,Philippines,38
Q4,argentina citizenship,Indonesia,36
Q4,argentina citizenship,Serbia,36
Q4,argentina citizenship,South Africa,36
Q4,argentina citizenship,United Kingdom,36
Q4,argentina citizenship,United States,36
Q4,argentina citizenship,Vietnam,35
Q4,argentina citizenship,Lithuania,35
Q4,argentina passport,Taiwan,77
Q4,argentina passport,Belgium,76
Q4,argentina passport,Bangladesh,75
Q4,argentina passport,Argentina,75
Q4,argentina passport,Singapore,74
Q4,argentina passport,Japan,73
Q4,argentina passport,India,72
Q4,argentina passport,South Korea,72
Q4,argentina passport,Morocco,71
Q4,argentina passport,Brazil,71
Q4,argentina passport,Ecuador,70
Q4,argentina passport,Denmark,70
Q4,argentina passport,Pakistan,70
Q4,argentina passport,Poland,70
Q4,argentina passport,Chile,70
Q5,ciudadania argentina,Switzerland,43
Q5,ciudadania argentina,Venezuela,38
Q5,ciudadania argentina,Israel,28
Q5,ciudadania argentina,United States,25
Q5,ciudadania argentina,Italy,23
Q5,ciudadania argentina,France,23
Q5,ciudadania argentina,Canada,22
Q5,ciudadania argentina,Colombia,22
Q5,ciudadania argentina,Brazil,21
Q5,ciudadania argentina,Argentina,19
Q5,ciudadania argentina,Uruguay,18
Q5,ciudadania argentina,Germany,18
Q5,ciudadania argentina,Peru,16
Q5,ciudadania argentina,United Kingdom,13
Q5,ciudadania argentina,Chile,13
Q5,pasaporte argentino,Spain,92
Q5,pasaporte argentino,Mexico,88
Q5,pasaporte argentino,Chile,87
Q5,pasaporte argentino,United Kingdom,87
Q5,pasaporte argentino,Peru,84
Q5,pasaporte argentino,Uruguay,82
Q5,pasaporte argentino,Germany,82
Q5,pasaporte argentino,Argentina,81
Q5,pasaporte argentino,Brazil,79
Q5,pasaporte argentino,Canada,78
Q5,pasaporte argentino,Colombia,78
Q5,pasaporte argentino,France,77
Q5,pasaporte argentino,Italy,77
Q5,pasaporte argentino,United States,75
Q5,pasaporte argentino,Israel,72
Q6,cidadania argentina,Sri Lanka,100
Q6,cidadania argentina,Brazil,66
Q6,cidadania argentina,Argentina,33
