date,argentina citizenship,argentina passport,ciudadania argentina,pasaporte argentino
2026-09-26 14:00:00,0,0,0,0
2026-09-26 15:00:00,0,0,0,19
2026-09-26 16:00:00,0,15,0,19
2026-09-26 17:00:00,0,0,0,22
2026-09-26 18:00:00,12,12,0,21
2026-09-26 19:00:00,0,13,0,18
2026-09-26 20:00:00,0,15,0,24
2026-09-26 21:00:00,0,17,0,16
2026-09-26 22:00:00,0,0,0,25
2026-09-26 23:00:00,0,0,0,20
2026-09-27 00:00:00,0,19,0,22
2026-09-27 01:00:00,0,0,0,22
2026-09-27 02:00:00,0,0,0,22
2026-09-27 03:00:00,0,0,0,0
2026-09-27 04:00:00,0,0,0,0
2026-09-27 05:00:00,0,0,0,0
2026-09-27 06:00:00,0,0,0,0
2026-09-27 07:00:00,0,0,0,0
2026-09-27 08:00:00,0,0,0,0
2026-09-27 09:00:00,0,0,0,0
2026-09-27 10:00:00,0,0,0,0
2026-09-27 11:00:00,0,21,0,21
2026-09-27 12:00:00,0,0,0,43
2026-09-27 13:00:00,0,16,0,26
2026-09-27 14:00:00,0,15,0,34
2026-09-27 15:00:00,0,22,0,36
2026-09-27 16:00:00,0,0,0,20
2026-09-27 17:00:00,12,0,0,28
2026-09-27 18:00:00,0,15,0,29
2026-09-27 19:00:00,0,21,0,23
2026-09-27 20:00:00,0,17,0,44
2026-09-27 21:00:00,0,0,22,32
2026-09-27 22:00:00,0,0,0,22
2026-09-27 23:00:00,0,0,0,31
2026-09-28 00:00:00,0,0,0,36
2026-09-28 01:00:00,0,20,0,38
2026-09-28 02:00:00,0,19,0,30
2026-09-28 03:00:00,0,0,0,0
2026-09-28 04:00:00,0,0,0,0
2026-09-28 05:00:00,0,19,0,0
2026-09-28 06:00:00,0,0,0,0
2026-09-28 07:00:00,0,0,0,0
2026-09-28 08:00:00,0,0,0,0
2026-09-28 09:00:00,0,14,0,0
2026-09-28 10:00:00,0,0,0,16
2026-09-28 11:00:00,13,14,0,18
2026-09-28 12:00:00,14,0,11,51
2026-09-28 13:00:00,0,21,0,28
2026-09-28 14:00:00,0,18,14,19
2026-09-28 15:00:00,0,11,10,24
2026-09-28 16:00:00,0,17,11,32
2026-09-28 17:00:00,0,12,0,33
2026-09-28 18:00:00,0,0,0,30
2026-09-28 19:00:00,0,12,13,36
2026-09-28 20:00:00,0,20,0,39
2026-09-28 21:00:00,0,27,0,33
2026-09-28 22:00:00,0,0,0,30
2026-09-28 23:00:00,0,0,0,44
2026-09-29 00:00:00,0,0,0,44
2026-09-29 01:00:00,0,0,0,23
2026-09-29 02:00:00,0,21,0,0
2026-09-29 03:00:00,0,18,0,0
2026-09-29 04:00:00,0,0,0,0
2026-09-29 05:00:00,0,18,0,0
2026-09-29 06:00:00,0,0,0,0
2026-09-29 07:00:00,0,0,0,0
2026-09-29 08:00:00,0,0,0,0
2026-09-29 09:00:00,0,0,0,0
2026-09-29 10:00:00,0,0,0,13
2026-09-29 11:00:00,0,15,12,15
2026-09-29 12:00:00,0,16,0,20
2026-09-29 13:00:00,0,16,0,22
2026-09-29 14:00:00,0,11,0,32
2026-09-29 15:00:00,0,17,0,32
2026-09-29 16:00:00,0,13,0,25
2026-09-29 17:00:00,0,13,0,29
2026-09-29 18:00:00,0,15,0,33
2026-09-29 19:00:00,0,24,0,31
2026-09-29 20:00:00,0,16,0,22
2026-09-29 21:00:00,0,0,0,38
2026-09-29 22:00:00,0,23,0,42
2026-09-29 23:00:00,0,0,0,40
2026-09-30 00:00:00,0,20,0,27
2026-09-30 01:00:00,0,21,0,37
2026-09-30 02:00:00,0,21,0,0
2026-09-30 03:00:00,0,0,0,0
2026-09-30 04:00:00,0,0,0,0
2026-09-30 05:00:00,0,17,0,16
2026-09-30 06:00:00,0,0,0,0
2026-09-30 07:00:00,0,0,0,0
2026-09-30 08:00:00,0,0,0,0
2026-09-30 09:00:00,0,15,0,18
2026-09-30 10:00:00,0,16,0,21
2026-09-30 11:00:00,14,0,0,26
2026-09-30 12:00:00,0,0,0,26
2026-09-30 13:00:00,17,11,0,33
2026-09-30 14:00:00,0,14,0,34
2026-09-30 15:00:00,0,11,0,22
2026-09-30 16:00:00,0,0,0,30
2026-09-30 17:00:00,0,0,0,30
2026-09-30 18:00:00,0,0,0,28
2026-09-30 19:00:00,0,18,13,26
2026-09-30 20:00:00,13,21,0,41
2026-09-30 21:00:00,0,18,0,39
2026-09-30 22:00:00,0,21,18,44
2026-09-30 23:00:00,0,19,0,27
2026-10-01 00:00:00,0,26,0,29
2026-10-01 01:00:00,0,25,0,25
2026-10-01 02:00:00,0,25,0,26
2026-10-01 03:00:00,0,25,0,0
2026-10-01 04:00:00,0,21,0,0
2026-10-01 05:00:00,0,0,0,0
2026-10-01 06:00:00,0,21,0,0
2026-10-01 07:00:00,0,18,0,0
2026-10-01 08:00:00,0,0,0,0
2026-10-01 09:00:00,0,0,0,0
2026-10-01 10:00:00,0,14,0,16
2026-10-01 11:00:00,0,12,0,20
2026-10-01 12:00:00,0,0,0,25
2026-10-01 13:00:00,0,10,0,25
2026-10-01 14:00:00,0,10,0,28
2026-10-01 15:00:00,0,15,0,37
2026-10-01 16:00:00,0,0,0,31
2026-10-01 17:00:00,0,0,0,27
2026-10-01 18:00:00,0,13,0,30
2026-10-01 19:00:00,0,13,11,36
2026-10-01 20:00:00,0,16,0,34
2026-10-01 21:00:00,0,0,0,36
2026-10-01 22:00:00,0,0,0,32
2026-10-01 23:00:00,0,0,0,43
2026-10-02 00:00:00,0,0,0,20
2026-10-02 01:00:00,0,0,0,29
2026-10-02 02:00:00,0,0,0,40
2026-10-02 03:00:00,0,0,0,0
2026-10-02 04:00:00,0,0,0,0
2026-10-02 05:00:00,0,0,0,0
2026-10-02 06:00:00,0,0,0,0
2026-10-02 07:00:00,0,0,0,0
2026-10-02 08:00:00,0,0,0,0
2026-10-02 09:00:00,0,0,0,0
2026-10-02 10:00:00,0,0,0,27
2026-10-02 11:00:00,0,0,0,17
2026-10-02 12:00:00,0,0,0,24
2026-10-02 13:00:00,20,24,15,29
2026-10-02 14:00:00,25,35,19,37
2026-10-02 15:00:00,30,38,21,32
2026-10-02 16:00:00,47,32,15,46
2026-10-02 17:00:00,56,51,20,39
2026-10-02 18:00:00,55,60,18,25
2026-10-02 19:00:00,85,53,18,32
2026-10-02 20:00:00,76,70,21,45
2026-10-02 21:00:00,76,82,0,36
2026-10-02 22:00:00,67,66,24,35
2026-10-02 23:00:00,64,54,45,44
2026-10-03 00:00:00,63,41,18,36
2026-10-03 01:00:00,43,47,24,29
2026-10-03 02:00:00,47,42,34,29
2026-10-03 03:00:00,55,54,0,31
2026-10-03 04:00:00,27,74,0,23
2026-10-03 05:00:00,36,49,0,0
2026-10-03 06:00:00,28,58,0,17
2026-10-03 07:00:00,46,59,0,0
2026-10-03 08:00:00,46,54,0,0
2026-10-03 09:00:00,39,55,0,13
2026-10-03 10:00:00,30,48,12,0
2026-10-03 11:00:00,27,66,0,15
2026-10-03 12:00:00,32,72,24,23
2026-10-03 13:00:00,29,79,16,26
2026-10-03 14:00:00,39,100,20,23
