anio,tipo,total_extranjeros_est,total_extranjeros_moe,url,sudamerica_est,sudamerica_moe,argentina_est,argentina_moe
2010,sequence-based,39955673.0,115146.0,https://www2.census.gov/programs-surveys/acs/summary_file/2010/data/1_year_seq_by_state/UnitedStates/20101us0025000.zip,2729831.0,42165.0,171534.0,10446.0
2011,sequence-based,40377757.0,125117.0,https://www2.census.gov/programs-surveys/acs/summary_file/2011/data/1_year_seq_by_state/UnitedStates/20111us0015000.zip,2710544.0,47996.0,162875.0,11016.0
2012,sequence-based,40824553.0,111624.0,https://www2.census.gov/programs-surveys/acs/summary_file/2012/data/1_year_seq_by_state/UnitedStates/20121us0015000.zip,2727383.0,39221.0,176094.0,8283.0
2013,sequence-based,41347945.0,129157.0,https://www2.census.gov/programs-surveys/acs/summary_file/2013/data/1_year_seq_by_state/UnitedStates/20131us0015000.zip,2768381.0,39363.0,170086.0,10630.0
2014,sequence-based,42390705.0,130028.0,https://www2.census.gov/programs-surveys/acs/summary_file/2014/data/1_year_seq_by_state/UnitedStates/20141us0012000.zip,2855695.0,41092.0,184956.0,10805.0
2015,sequence-based,43289646.0,122375.0,https://www2.census.gov/programs-surveys/acs/summary_file/2015/data/1_year_seq_by_state/UnitedStates/20151us0012000.zip,2918029.0,40362.0,181233.0,9339.0
2016,sequence-based,43738901.0,129852.0,https://www2.census.gov/programs-surveys/acs/summary_file/2016/data/1_year_seq_by_state/UnitedStates/20161us0012000.zip,2979491.0,41161.0,189126.0,13095.0
2017,sequence-based,44525458.0,135900.0,https://www2.census.gov/programs-surveys/acs/summary_file/2017/data/1_year_seq_by_state/UnitedStates/20171us0012000.zip,3213187.0,43305.0,180521.0,10334.0
2018,sequence-based,44728502.0,157287.0,https://www2.census.gov/programs-surveys/acs/summary_file/2018/data/1_year_seq_by_state/UnitedStates/20181us0012000.zip,3303082.0,46197.0,194421.0,12012.0
2019,sequence-based,44932799.0,177484.0,https://www2.census.gov/programs-surveys/acs/summary_file/2019/data/1_year_seq_by_state/UnitedStates/20191us0011000.zip,3379779.0,47006.0,210767.0,12502.0
2021,sequence-based,45269644.0,140339.0,https://www2.census.gov/programs-surveys/acs/summary_file/2021/sequence-based-SF/data/1_year_seq_by_state/UnitedStates/20211us0011000.zip,3656811.0,45400.0,188359.0,10226.0
2022,table-based,46182089.0,149839.0,https://www2.census.gov/programs-surveys/acs/summary_file/2022/table-based-SF/data/1YRData/acsdt1y2022-b05006.dat,3970926.0,55676.0,196427.0,11753.0
2023,table-based,47831053.0,190452.0,https://www2.census.gov/programs-surveys/acs/summary_file/2023/table-based-SF/data/1YRData/acsdt1y2023-b05006.dat,4407035.0,54419.0,216190.0,11803.0
2024,table-based,50234841.0,162666.0,https://www2.census.gov/programs-surveys/acs/summary_file/2024/table-based-SF/data/1YRData/acsdt1y2024-b05006.dat,4833833.0,60682.0,210909.0,10712.0
