date,Argentina,Buenos Aires,Chile,Uruguay,Colombia,ctrl,ratio_ar_ctrl
2004-01-01,5,2,5,1,5,3.6667,1.3636
2004-02-01,6,1,5,1,5,3.6667,1.6364
2004-03-01,6,1,5,1,5,3.6667,1.6364
2004-04-01,6,1,5,1,5,3.6667,1.6364
2004-05-01,7,1,5,1,5,3.6667,1.9091
2004-06-01,5,1,4,1,4,3.0,1.6667
2004-07-01,5,1,4,1,4,3.0,1.6667
2004-08-01,5,1,4,1,4,3.0,1.6667
2004-09-01,5,1,5,1,4,3.3333,1.5
2004-10-01,5,1,5,1,4,3.3333,1.5
2004-11-01,6,2,6,1,4,3.6667,1.6364
2004-12-01,6,2,5,1,4,3.3333,1.8
2005-01-01,5,2,5,1,4,3.3333,1.5
2005-02-01,5,2,5,1,4,3.3333,1.5
2005-03-01,6,2,5,1,4,3.3333,1.8
2005-04-01,6,1,5,1,4,3.3333,1.8
2005-05-01,6,2,5,1,5,3.6667,1.6364
2005-06-01,6,1,4,1,4,3.0,2.0
2005-07-01,4,1,3,1,4,2.6667,1.5
2005-08-01,4,1,3,1,3,2.3333,1.7143
2005-09-01,5,1,4,1,4,3.0,1.6667
2005-10-01,6,2,5,1,5,3.6667,1.6364
2005-11-01,6,2,5,1,4,3.3333,1.8
2005-12-01,5,1,4,1,4,3.0,1.6667
2006-01-01,5,2,5,1,4,3.3333,1.5
2006-02-01,6,2,5,1,5,3.6667,1.6364
2006-03-01,5,1,5,1,5,3.6667,1.3636
2006-04-01,5,1,4,1,4,3.0,1.6667
2006-05-01,6,1,5,1,5,3.6667,1.6364
2006-06-01,7,1,3,1,4,2.6667,2.625
2006-07-01,4,1,3,1,4,2.6667,1.5
2006-08-01,4,1,3,1,4,2.6667,1.5
2006-09-01,5,1,4,1,4,3.0,1.6667
2006-10-01,5,2,4,1,5,3.3333,1.5
2006-11-01,5,1,4,1,4,3.0,1.6667
2006-12-01,5,1,4,1,4,3.0,1.6667
2007-01-01,5,1,4,1,4,3.0,1.6667
2007-02-01,4,1,4,1,4,3.0,1.3333
2007-03-01,4,1,4,1,4,3.0,1.3333
2007-04-01,4,1,4,1,4,3.0,1.3333
2007-05-01,5,1,4,1,4,3.0,1.6667
2007-06-01,5,1,4,1,4,3.0,1.6667
2007-07-01,6,1,4,1,4,3.0,2.0
2007-08-01,5,1,4,1,4,3.0,1.6667
2007-09-01,6,2,5,1,4,3.3333,1.8
2007-10-01,7,2,5,1,5,3.6667,1.9091
2007-11-01,7,2,6,1,5,4.0,1.75
2007-12-01,6,2,5,1,4,3.3333,1.8
2008-01-01,6,2,5,1,5,3.6667,1.6364
2008-02-01,7,2,5,1,5,3.6667,1.9091
2008-03-01,8,2,5,1,7,4.3333,1.8462
2008-04-01,8,3,5,2,6,4.3333,1.8462
2008-05-01,9,3,7,2,6,5.0,1.8
2008-06-01,10,3,5,2,6,4.3333,2.3077
2008-07-01,8,3,5,2,8,5.0,1.6
2008-08-01,12,3,6,2,7,5.0,2.4
2008-09-01,10,3,6,2,7,5.0,2.0
2008-10-01,11,3,7,2,8,5.6667,1.9412
2008-11-01,10,3,6,2,8,5.3333,1.875
2008-12-01,9,3,6,2,7,5.0,1.8
2009-01-01,9,3,6,2,7,5.0,1.8
2009-02-01,9,3,6,2,9,5.6667,1.5882
2009-03-01,11,4,7,2,10,6.3333,1.7368
2009-04-01,14,4,8,3,11,7.3333,1.9091
2009-05-01,15,4,8,3,13,8.0,1.875
2009-06-01,17,4,8,3,13,8.0,2.125
2009-07-01,15,4,7,3,14,8.0,1.875
2009-08-01,16,5,8,3,14,8.3333,1.92
2009-09-01,19,5,9,4,15,9.3333,2.0357
2009-10-01,19,5,9,5,14,9.3333,2.0357
2009-11-01,18,5,9,5,15,9.6667,1.8621
2009-12-01,17,5,8,4,12,8.0,2.125
2010-01-01,17,5,8,4,13,8.3333,2.04
2010-02-01,17,5,18,4,15,12.3333,1.3784
2010-03-01,21,5,21,4,16,13.6667,1.5366
2010-04-01,20,5,10,4,17,10.3333,1.9355
2010-05-01,24,5,11,4,18,11.0,2.1818
2010-06-01,31,5,12,8,17,12.3333,2.5135
2010-07-01,22,5,8,10,16,11.3333,1.9412
2010-08-01,19,5,10,4,16,10.0,1.9
2010-09-01,19,5,10,4,16,10.0,1.9
2010-10-01,18,5,20,4,15,13.0,1.3846
2010-11-01,19,5,10,4,13,9.0,2.1111
2010-12-01,16,5,8,3,12,7.6667,2.087
2011-01-01,4,1,4,1,4,3.0,1.3333
2011-02-01,4,1,4,1,4,3.0,1.3333
2011-03-01,5,1,4,1,4,3.0,1.6667
2011-04-01,4,1,3,1,4,2.6667,1.5
2011-05-01,4,1,3,1,4,2.6667,1.5
2011-06-01,4,1,4,1,4,3.0,1.3333
2011-07-01,6,1,4,3,5,4.0,1.5
2011-08-01,4,1,3,1,5,3.0,1.3333
2011-09-01,4,1,4,1,4,3.0,1.3333
2011-10-01,5,1,4,1,4,3.0,1.6667
2011-11-01,4,1,4,1,4,3.0,1.3333
2011-12-01,3,1,3,1,3,2.3333,1.2857
2012-01-01,3,1,3,1,4,2.6667,1.125
2012-02-01,4,1,3,1,4,2.6667,1.5
2012-03-01,3,1,3,1,4,2.6667,1.125
2012-04-01,4,1,3,1,4,2.6667,1.5
2012-05-01,4,1,3,1,4,2.6667,1.5
2012-06-01,4,1,3,1,4,2.6667,1.5
2012-07-01,4,1,3,1,4,2.6667,1.5
2012-08-01,5,1,3,1,4,2.6667,1.875
2012-09-01,4,1,4,1,5,3.3333,1.2
2012-10-01,4,1,4,1,4,3.0,1.3333
2012-11-01,4,1,3,1,4,2.6667,1.5
2012-12-01,3,1,3,1,4,2.6667,1.125
2013-01-01,4,1,3,1,4,2.6667,1.5
2013-02-01,3,1,3,1,4,2.6667,1.125
2013-03-01,5,1,4,1,4,3.0,1.6667
2013-04-01,4,1,3,1,4,2.6667,1.5
2013-05-01,4,1,3,1,4,2.6667,1.5
2013-06-01,4,1,3,2,5,3.3333,1.2
2013-07-01,3,1,3,1,4,2.6667,1.125
2013-08-01,3,1,3,1,4,2.6667,1.125
2013-09-01,4,1,4,1,5,3.3333,1.2
2013-10-01,4,1,4,1,5,3.3333,1.2
2013-11-01,5,1,4,1,5,3.3333,1.5
2013-12-01,4,1,3,1,4,2.6667,1.5
2014-01-01,4,1,4,1,4,3.0,1.3333
2014-02-01,3,1,4,1,4,3.0,1.0
2014-03-01,3,1,4,1,4,3.0,1.0
2014-04-01,4,1,7,1,4,4.0,1.0
2014-05-01,4,1,4,1,5,3.3333,1.2
2014-06-01,11,1,12,9,12,11.0,1.0
2014-07-01,29,1,4,1,9,4.6667,6.2143
2014-08-01,4,1,4,1,4,3.0,1.3333
2014-09-01,4,1,4,1,5,3.3333,1.2
2014-10-01,4,1,4,1,4,3.0,1.3333
2014-11-01,4,1,3,1,5,3.0,1.3333
2014-12-01,4,1,3,1,4,2.6667,1.5
2015-01-01,4,1,4,1,5,3.3333,1.2
2015-02-01,4,1,4,1,4,3.0,1.3333
2015-03-01,5,1,4,1,4,3.0,1.6667
2015-04-01,4,1,5,1,4,3.3333,1.2
2015-05-01,4,1,4,1,4,3.0,1.3333
2015-06-01,5,1,6,2,8,5.3333,0.9375
2015-07-01,5,1,5,1,4,3.3333,1.5
2015-08-01,3,1,4,1,4,3.0,1.0
2015-09-01,5,1,7,1,5,4.3333,1.1538
2015-10-01,4,1,5,1,5,3.6667,1.0909
2015-11-01,5,1,4,1,5,3.3333,1.5
2015-12-01,4,1,4,1,7,4.0,1.0
2016-01-01,3,1,4,1,5,3.3333,0.9
2016-02-01,3,1,4,1,5,3.3333,0.9
2016-03-01,4,1,4,1,5,3.3333,1.2
2016-04-01,3,1,4,1,5,3.3333,0.9
2016-05-01,4,1,4,1,5,3.3333,1.2
2016-06-01,19,1,17,3,15,11.6667,1.6286
2016-07-01,4,1,3,1,4,2.6667,1.5
2016-08-01,4,1,4,1,6,3.6667,1.0909
2016-09-01,4,1,4,1,6,3.6667,1.0909
2016-10-01,4,1,4,1,5,3.3333,1.2
2016-11-01,5,1,4,1,6,3.6667,1.3636
2016-12-01,3,1,4,1,5,3.3333,0.9
2017-01-01,3,1,4,1,4,3.0,1.0
2017-02-01,4,1,4,1,4,3.0,1.3333
2017-03-01,5,1,4,1,5,3.3333,1.5
2017-04-01,4,1,3,1,5,3.0,1.3333
2017-05-01,4,1,3,1,4,2.6667,1.5
2017-06-01,4,1,6,1,5,4.0,1.0
2017-07-01,3,1,5,0,5,3.3333,0.9
2017-08-01,3,1,4,1,5,3.3333,0.9
2017-09-01,4,1,4,1,5,3.3333,1.2
2017-10-01,6,1,5,1,6,4.0,1.5
2017-11-01,4,1,4,1,5,3.3333,1.2
2017-12-01,3,1,3,1,4,2.6667,1.125
2018-01-01,3,1,3,1,5,3.0,1.0
2018-02-01,3,1,3,1,5,3.0,1.0
2018-03-01,4,1,3,1,6,3.3333,1.2
2018-04-01,3,1,3,1,5,3.0,1.0
2018-05-01,4,1,3,1,6,3.3333,1.2
2018-06-01,18,1,3,6,12,7.0,2.5714
2018-07-01,4,1,3,4,9,5.3333,0.75
2018-08-01,3,1,3,1,5,3.0,1.0
2018-09-01,4,1,4,2,5,3.6667,1.0909
2018-10-01,4,1,5,1,6,4.0,1.0
2018-11-01,4,1,3,1,5,3.0,1.3333
2018-12-01,3,1,4,1,5,3.3333,0.9
2019-01-01,3,1,4,1,5,3.3333,0.9
2019-02-01,3,1,4,1,5,3.3333,0.9
2019-03-01,4,1,5,1,5,3.6667,1.0909
2019-04-01,3,1,3,1,5,3.0,1.0
2019-05-01,3,1,3,1,5,3.0,1.0
2019-06-01,7,1,6,2,9,5.6667,1.2353
2019-07-01,5,1,5,1,5,3.6667,1.3636
2019-08-01,4,1,3,1,5,3.0,1.3333
2019-09-01,5,1,4,1,6,3.6667,1.3636
2019-10-01,4,1,5,1,5,3.6667,1.0909
2019-11-01,4,1,4,1,7,4.0,1.0
2019-12-01,3,1,4,1,5,3.3333,0.9
2020-01-01,3,1,4,1,5,3.3333,0.9
2020-02-01,3,1,4,1,6,3.6667,0.8182
2020-03-01,3,1,4,1,6,3.6667,0.8182
2020-04-01,3,1,3,1,5,3.0,1.0
2020-05-01,3,1,3,1,5,3.0,1.0
2020-06-01,2,0,3,1,5,3.0,0.6667
2020-07-01,2,0,3,0,5,2.6667,0.75
2020-08-01,2,0,4,1,4,3.0,0.6667
2020-09-01,3,0,4,1,5,3.3333,0.9
2020-10-01,4,0,4,1,6,3.6667,1.0909
2020-11-01,4,0,4,1,6,3.6667,1.0909
2020-12-01,2,0,3,0,5,2.6667,0.75
2021-01-01,2,0,3,0,5,2.6667,0.75
2021-02-01,2,0,3,0,5,2.6667,0.75
2021-03-01,3,1,3,1,5,3.0,1.0
2021-04-01,2,1,3,1,5,3.0,0.6667
2021-05-01,3,1,3,1,9,4.3333,0.6923
2021-06-01,7,0,5,2,9,5.3333,1.3125
2021-07-01,11,0,4,1,9,4.6667,2.3571
2021-08-01,3,0,3,1,6,3.3333,0.9
2021-09-01,5,1,4,1,7,4.0,1.25
2021-10-01,4,1,4,1,7,4.0,1.0
2021-11-01,5,1,4,1,7,4.0,1.25
2021-12-01,3,1,5,1,6,4.0,0.75
2022-01-01,3,1,4,1,7,4.0,0.75
2022-02-01,4,1,4,1,7,4.0,1.0
2022-03-01,4,1,4,1,8,4.3333,0.9231
2022-04-01,3,1,4,1,6,3.6667,0.8182
2022-05-01,4,1,4,1,8,4.3333,0.9231
2022-06-01,6,1,3,2,8,4.3333,1.3846
2022-07-01,3,1,4,1,8,4.3333,0.6923
2022-08-01,3,1,4,1,7,4.0,0.75
2022-09-01,6,1,4,1,8,4.3333,1.3846
2022-10-01,4,1,4,1,8,4.3333,0.9231
2022-11-01,25,1,4,5,8,5.6667,4.4118
2022-12-01,49,1,4,2,7,4.3333,11.3077
2023-01-01,5,1,4,1,8,4.3333,1.1538
2023-02-01,4,1,4,1,8,4.3333,0.9231
2023-03-01,6,1,4,1,9,4.6667,1.2857
2023-04-01,4,1,4,1,8,4.3333,0.9231
2023-05-01,4,1,4,1,9,4.6667,0.8571
2023-06-01,5,1,3,1,9,4.3333,1.1538
2023-07-01,4,1,4,1,9,4.6667,0.8571
2023-08-01,4,1,4,1,9,4.6667,0.8571
2023-09-01,7,1,5,1,9,5.0,1.4
2023-10-01,7,1,5,2,9,5.3333,1.3125
2023-11-01,11,1,4,2,10,5.3333,2.0625
2023-12-01,5,1,4,1,9,4.6667,1.0714
2024-01-01,4,1,4,2,8,4.6667,0.8571
2024-02-01,5,1,4,1,7,4.0,1.25
2024-03-01,6,1,4,1,8,4.3333,1.3846
2024-04-01,4,1,4,1,7,4.0,1.0
2024-05-01,4,1,4,1,8,4.3333,0.9231
2024-06-01,14,1,7,4,13,8.0,1.75
2024-07-01,26,1,4,11,30,15.0,1.7333
2024-08-01,4,1,4,1,8,4.3333,0.9231
2024-09-01,7,1,5,2,10,5.6667,1.2353
2024-10-01,6,1,5,1,8,4.6667,1.2857
2024-11-01,6,1,5,2,10,5.6667,1.0588
2024-12-01,4,1,4,1,8,4.3333,0.9231
2025-01-01,4,1,4,1,9,4.6667,0.8571
2025-02-01,5,1,5,1,8,4.6667,1.0714
2025-03-01,8,1,5,2,10,5.6667,1.4118
2025-04-01,5,1,4,1,8,4.3333,1.1538
2025-05-01,4,1,4,1,8,4.3333,0.9231
2025-06-01,8,1,5,1,12,6.0,1.3333
2025-07-01,9,2,7,2,12,7.0,1.2857
2025-08-01,5,1,5,1,9,5.0,1.0
2025-09-01,7,1,5,1,10,5.3333,1.3125
2025-10-01,10,1,6,1,12,6.3333,1.5789
2025-11-01,9,2,8,3,12,7.6667,1.1739
2025-12-01,11,2,8,2,13,7.6667,1.4348
2026-01-01,11,2,9,2,14,8.3333,1.32
2026-02-01,15,3,10,2,16,9.3333,1.6071
2026-03-01,12,2,9,2,18,9.6667,1.2414
2026-04-01,12,2,8,2,14,8.0,1.5
2026-05-01,12,2,7,2,15,8.0,1.5
2026-06-01,43,3,10,12,40,20.6667,2.0806
2026-07-01,100,2,6,2,30,12.6667,7.8947
2026-08-01,8,1,6,1,14,7.0,1.1429
2026-09-01,7,1,6,1,13,6.6667,1.05
