fecha,ar_en,ar_es,ar_de,bsas_en,messi_en,milei_en,patagonia_en,cl_en,uy_en,br_en,co_en,cl_es,uy_es,br_es,co_es,cl_de,uy_de,br_de,co_de
2015-07-01,7755.7,7607.4,1342.8,2693.2,24652.0,,2641.1,6105.8,3203.2,11276.0,6066.3,5667.7,3252.9,3869.9,8772.1,1307.1,686.8,2011.7,1068.5
2015-08-01,6713.8,7613.9,1176.0,2579.9,22839.8,,2676.6,5025.0,2998.2,10511.0,6650.3,4830.4,2978.6,4169.3,8718.4,1153.4,1775.9,1905.5,1021.9
2015-09-01,8736.5,8207.5,1253.2,2920.8,29103.9,,3752.5,8314.6,4649.7,12194.2,12353.4,6394.4,3318.4,4918.5,9381.5,1416.8,751.7,2063.6,1756.3
2015-10-01,9000.3,10087.1,1563.1,2754.5,25188.7,,5897.1,5737.8,4052.9,10749.4,8388.2,6069.1,3761.0,5668.7,9571.5,1264.7,744.0,2113.6,1338.0
2015-11-01,8434.5,9845.1,1728.9,2834.2,24616.1,,3129.8,5966.2,3482.7,11406.0,7661.2,5516.1,3545.3,5219.7,8308.4,1510.6,759.6,2466.2,1371.6
2015-12-01,7521.4,7080.0,1619.1,2569.4,21710.0,,4505.8,5089.0,3253.7,10073.7,8770.5,3609.4,2346.6,3164.6,5157.5,1331.9,785.8,2277.9,1482.2
2016-01-01,7647.0,6386.4,1752.2,2770.0,29570.9,,4284.1,5292.3,3280.8,10777.2,7617.1,4226.2,2501.4,3948.9,6339.0,1594.3,850.7,2706.0,1642.6
2016-02-01,7674.9,7388.9,1619.5,2807.5,30175.5,,3758.6,5270.9,3414.6,10985.4,6947.4,4763.1,2835.2,5106.2,9431.1,1789.5,791.4,2539.1,1507.1
2016-03-01,8136.0,10347.7,1569.1,2670.3,25206.4,,3184.0,5079.1,3433.2,11220.6,6265.5,5203.5,3671.5,5293.5,8940.8,1496.8,741.5,2418.4,1310.1
2016-04-01,7583.8,12296.4,1639.4,2643.3,25892.0,,3624.4,5304.8,3395.0,12402.8,6336.4,6392.9,4229.7,6501.1,9804.3,1634.7,753.6,3831.9,1379.4
2016-05-01,7457.5,9855.7,1481.8,2578.4,23632.4,,2822.5,5369.2,3138.7,12622.5,6331.6,5853.4,3748.4,6158.9,9166.6,1352.5,901.3,2984.9,1193.8
2016-06-01,10043.6,10007.6,1678.1,2669.2,71803.3,,2628.8,7030.8,4540.1,12230.2,6959.5,6689.6,4339.8,5346.8,8192.6,1508.0,758.4,2818.1,1456.7
2016-07-01,6882.4,7717.2,2041.9,2262.5,31992.3,,3151.5,4555.6,3263.4,10904.8,5541.6,4750.4,3178.0,3874.2,7893.7,1134.5,789.9,2401.4,1153.8
2016-08-01,7909.2,8447.9,1349.5,2630.7,17506.8,,2901.6,4824.7,3377.4,27558.3,6098.6,4927.8,3114.1,7081.8,8807.7,1162.8,687.7,4758.1,1236.8
2016-09-01,7246.7,8237.8,1253.7,2581.5,20190.9,,3024.6,5235.3,4065.4,10247.5,12620.5,5510.3,3206.4,5125.4,9599.4,1197.4,546.2,1997.9,2185.0
2016-10-01,6977.3,8336.6,1305.7,2415.8,20895.8,,3434.1,4876.9,3018.5,9521.6,9175.5,5303.8,3469.4,5274.0,9779.5,1162.3,564.0,1775.5,1919.2
2016-11-01,8089.9,8455.3,1513.2,3000.8,22886.4,,4054.9,5274.0,3264.8,10350.9,7524.0,5379.3,3498.9,5048.9,8152.9,1491.9,712.1,2199.7,1588.9
2016-12-01,7113.8,5793.3,1357.0,2665.1,22778.3,,8277.2,5100.8,3160.7,9051.4,6754.2,3799.8,2178.9,3109.7,5154.1,1412.2,682.2,2206.2,1407.0
2017-01-01,7662.0,6704.5,1563.0,2714.1,20541.7,,5315.4,5621.1,3754.1,10111.9,6925.3,4746.5,2584.2,3761.9,6361.7,1779.8,1050.4,6682.5,1699.6
2017-02-01,8079.5,7346.4,1450.2,2776.6,19299.5,,5078.9,5615.8,3627.2,10483.0,6984.3,4928.3,2944.3,4738.0,9099.6,1496.2,799.8,2311.4,1553.3
2017-03-01,8187.0,8905.7,1352.9,2702.1,22885.9,,4216.1,5421.1,3555.3,10489.8,6847.2,5182.9,3316.0,4827.5,8821.8,1314.6,860.7,2151.0,1484.7
2017-04-01,7358.1,9206.8,1318.5,2447.5,33146.7,,3496.1,5024.4,3502.5,9528.4,6977.2,5040.1,3344.2,4617.3,8024.8,1142.7,669.7,1920.3,1557.3
2017-05-01,8139.5,9433.9,1450.3,2747.6,28081.1,,3307.5,4969.8,3324.0,10194.3,6749.0,5194.0,3307.5,4965.1,7873.0,1149.3,651.9,2123.6,1356.3
2017-06-01,7212.3,8096.5,1369.1,2280.0,29439.8,,2915.8,5468.6,2936.6,9162.7,5912.3,5207.4,2910.2,4184.1,6636.0,2312.4,633.8,1974.1,1320.7
2017-07-01,7102.6,6637.1,1317.2,2188.0,22042.2,,3171.7,5160.4,2952.5,9047.1,6158.9,4217.6,2602.5,3313.2,7320.5,2282.4,765.8,1972.4,1373.8
2017-08-01,6655.0,7101.1,1055.0,2172.5,21739.7,,3258.8,4732.1,2981.2,8654.5,6014.3,4595.4,3071.7,3713.5,7739.4,965.5,704.1,1839.2,1271.7
2017-09-01,7246.5,7200.2,1168.3,2372.2,22365.6,,2781.2,5092.0,3328.9,9249.9,9763.2,5029.3,3050.3,4286.8,7991.3,1258.8,673.5,1748.1,1940.3
2017-10-01,8321.6,8114.7,1263.2,2492.8,24589.5,,3508.8,5243.8,3336.7,10142.0,7572.1,5281.8,3372.8,5070.5,8226.5,1138.9,705.3,1836.4,1421.4
2017-11-01,8070.5,7826.4,1599.6,2700.1,18738.8,,3471.1,5191.0,3281.7,9906.3,6780.0,5099.5,3060.6,4328.8,7560.3,1416.5,978.8,2052.1,1502.0
2017-12-01,6374.5,5131.5,1533.2,2274.9,20973.4,,3285.8,4810.6,2855.4,8131.8,5925.4,3590.6,2035.2,2634.5,4350.1,1484.6,1318.2,1874.2,1382.7
2018-01-01,6876.5,5598.7,1474.1,2498.6,23136.9,,4397.7,5348.4,3302.7,9133.3,6553.7,4310.2,2429.9,3291.0,5528.0,1554.9,748.8,2323.8,1696.5
2018-02-01,6969.4,6180.9,1357.8,2746.2,22933.8,47.8,3711.0,5070.9,3286.0,9661.2,6309.3,4219.3,2597.6,3809.5,8002.3,1279.7,656.9,2151.6,1474.0
2018-03-01,7416.5,7939.2,1432.3,2661.8,30188.4,155.8,3273.8,5388.2,3708.7,9786.1,6496.4,4743.5,2974.0,3897.9,7570.0,2110.2,728.5,2235.8,1393.3
2018-04-01,7224.9,8933.4,1258.3,2599.8,28218.9,391.8,3024.6,5239.7,3440.0,10267.1,6206.5,5074.8,3618.7,5049.3,8118.5,1078.5,610.1,2028.7,1319.5
2018-05-01,7791.6,9202.5,1361.0,2623.9,30352.5,291.1,2325.7,5972.2,4707.9,10284.3,6396.6,4873.0,3775.8,5034.3,9015.1,1045.4,626.2,2069.8,1373.5
2018-06-01,19792.9,11406.5,5245.0,3502.1,109874.4,1411.5,3194.0,5618.2,28075.0,17108.4,11945.6,4874.0,9270.5,6527.8,9744.9,1603.3,17034.1,5108.7,4870.3
2018-07-01,10495.3,8149.8,2027.6,2824.9,47781.5,1125.9,3099.9,5280.1,20443.5,15433.3,13026.6,4099.4,8266.5,4961.0,8106.2,1171.7,8295.5,3584.7,4247.3
2018-08-01,7566.6,7142.5,1311.1,2570.9,17426.9,731.8,3341.2,4713.7,3431.5,9658.3,7905.1,4389.0,3184.7,3703.6,8036.4,1041.9,806.8,1773.8,1572.9
2018-09-01,7845.2,6973.6,1294.0,2435.6,19472.7,1204.1,2976.7,5209.3,3440.4,10871.1,7217.2,4681.6,2803.6,3837.8,7204.3,1048.1,681.0,1779.5,1287.8
2018-10-01,7800.6,7580.3,1248.8,2881.6,20095.3,450.5,2844.1,5344.1,3846.9,12390.0,6220.7,4926.3,3045.3,5672.1,7477.9,1017.5,810.9,2776.7,1161.5
2018-11-01,8336.7,7617.6,1598.6,3384.7,17084.9,427.7,2743.8,4923.7,3519.1,10233.2,6477.3,4820.3,3170.3,4400.1,6577.4,1200.8,737.5,2416.1,1371.9
2018-12-01,7571.7,5338.5,1422.7,2849.2,20383.4,362.6,3047.1,4516.8,3222.9,8984.7,6031.6,3267.9,2118.4,2638.6,4158.5,1132.1,613.4,1903.9,1303.8
2019-01-01,7808.8,5386.0,1500.9,2618.5,20276.0,480.0,3146.5,5310.1,4353.3,10665.1,7134.5,4004.3,2600.1,3644.6,5428.3,1342.0,1118.8,2653.2,1724.8
2019-02-01,7461.4,5665.7,1402.5,2621.1,22960.1,895.5,2664.3,4939.8,3735.5,9629.0,7554.3,3846.0,2500.0,3550.8,7899.1,1272.1,758.7,2358.2,1794.2
2019-03-01,7262.6,7287.8,1276.9,2460.9,28467.1,120.0,3118.1,4629.2,3573.2,9931.0,6362.9,4103.8,2809.3,3882.2,7249.9,1198.1,691.3,2073.8,1322.6
2019-04-01,7047.3,7739.5,1080.9,2132.6,28526.8,63.1,2401.0,4702.7,3336.9,9335.5,6030.2,4289.5,3070.4,3795.2,6377.3,925.2,613.2,1791.0,1117.4
2019-05-01,6896.0,7803.5,1178.4,2187.5,31916.6,53.8,2302.3,4376.6,3197.0,8872.8,5637.0,4258.3,2987.4,3926.2,6862.1,950.2,532.9,1944.2,1122.5
2019-06-01,8514.3,8185.4,1487.9,2335.5,24349.6,34.9,2314.2,4939.7,4206.4,9550.2,5893.3,4614.5,4211.6,4602.2,6639.0,1015.2,836.5,1905.4,1105.7
2019-07-01,7459.4,6798.7,1108.2,2389.0,18746.4,54.3,2172.1,4478.0,3238.3,9844.0,6267.0,3875.3,2810.6,3748.3,6552.9,984.4,561.8,1673.1,1231.3
2019-08-01,7155.6,7616.4,1210.5,2196.3,17033.6,109.5,2284.3,4221.0,3753.4,10669.5,6022.7,4007.0,2881.4,3640.5,6710.4,867.1,552.6,2267.2,1077.6
2019-09-01,8141.0,7153.1,1158.5,2574.2,21109.9,86.7,2237.7,4895.2,4000.9,9547.2,6221.5,4399.0,2759.6,3531.4,6643.6,1005.3,465.8,1610.4,1059.6
2019-10-01,7905.5,8758.4,1411.8,2531.7,22972.9,56.4,2585.3,7458.3,4105.6,9822.2,6143.5,6837.2,3496.0,4043.6,7306.4,1688.7,709.4,1634.8,1070.1
2019-11-01,7439.3,7464.0,1345.3,2510.0,21241.4,55.7,2493.9,5657.6,3849.1,9853.7,6024.1,5266.7,3492.4,3723.1,6486.7,1438.9,707.5,1931.1,1346.3
2019-12-01,7061.7,5467.9,1311.0,2447.5,24608.5,73.6,2715.9,4246.2,3625.5,8504.9,5398.8,2958.1,2061.5,2330.0,4094.2,1063.0,636.8,1872.9,1235.3
2020-01-01,7242.9,4998.3,1391.5,2640.3,15642.7,49.5,3375.8,4464.1,3847.2,9835.1,6021.6,2809.6,2297.3,2608.7,4669.2,1060.8,718.6,1988.1,1438.9
2020-02-01,7204.5,5378.8,1281.3,2532.4,19447.8,43.5,3048.6,4519.6,3350.3,9170.2,7401.2,3162.0,2370.5,3075.6,6118.9,999.7,558.1,1695.5,1244.2
2020-03-01,7265.5,9108.9,1275.9,2369.8,13665.8,49.1,2367.3,4575.2,3169.8,9820.2,6528.4,4363.8,3206.6,3999.4,7333.8,1136.7,837.8,2098.0,1234.9
2020-04-01,9084.5,11329.3,1443.0,2848.9,16343.6,92.9,3208.6,5686.7,4402.5,12745.7,8081.2,4956.8,3639.2,4901.4,8417.5,1131.0,668.9,2672.0,1253.4
2020-05-01,7966.0,8862.7,1291.7,2465.0,15126.2,86.4,3060.5,5214.1,3609.8,13273.2,6687.1,4520.9,3460.5,4959.7,7304.2,1104.5,752.6,3748.5,1131.9
2020-06-01,6661.5,7154.4,1050.4,2034.0,19290.0,71.3,2941.2,4525.0,3136.1,11623.7,5789.6,4036.2,2963.1,3870.0,5788.5,1021.5,647.3,3100.3,961.0
2020-07-01,6799.6,5976.7,1020.5,2224.8,22146.6,82.0,3178.3,4272.1,3309.5,10067.8,5689.0,3385.0,2750.0,2971.0,5587.6,852.1,700.3,2113.6,904.5
2020-08-01,6395.7,6207.2,1043.3,1982.3,44138.5,87.5,3132.0,4041.8,3435.0,8773.0,5412.6,3408.4,2542.0,2818.8,5771.0,772.7,551.2,1639.3,874.4
2020-09-01,6672.0,6502.6,944.1,1940.8,25181.0,103.0,2599.6,4369.2,3397.9,8529.5,5580.1,3737.9,2596.4,2890.1,5724.6,785.4,861.0,1502.8,893.8
2020-10-01,6969.7,6938.9,1031.1,2186.7,15495.0,159.7,2089.4,4946.4,3322.5,8475.8,5677.6,4374.9,2756.6,3172.0,5845.5,985.3,482.6,1531.3,875.5
2020-11-01,9345.3,7138.0,1534.8,3299.0,20820.0,114.4,2161.4,4325.5,3622.0,8851.1,5682.7,3874.6,2464.4,2972.3,5477.2,938.3,658.2,1801.5,947.9
2020-12-01,6993.0,4845.9,1188.3,2484.3,21943.1,87.6,2606.3,4070.5,3138.9,8112.1,5264.7,2953.6,1948.8,2192.9,3536.8,848.2,528.9,1643.2,927.0
2021-01-01,6582.9,4702.5,1170.5,2325.5,18317.5,68.7,2803.1,4310.8,3574.7,9045.3,5619.3,2726.9,1971.4,2490.5,4119.0,1006.5,956.7,2230.9,1121.5
2021-02-01,6871.0,5563.1,1200.9,2322.7,21367.7,72.8,2796.2,4463.4,3441.2,9160.6,5850.2,4338.9,2023.6,2879.8,5638.2,1026.2,704.2,1926.9,1083.6
2021-03-01,7378.0,7014.8,1201.5,2400.3,22217.0,67.9,2249.1,4907.1,3912.0,10663.6,5860.9,4822.8,2514.7,3673.8,5764.9,1241.9,701.6,2961.1,1088.5
2021-04-01,7131.5,8200.4,1191.8,2367.4,19393.5,73.4,2816.3,4991.7,3603.6,10733.2,5923.2,4404.9,2941.5,3667.1,6251.7,1075.5,675.5,2649.1,1046.8
2021-05-01,7580.4,7208.7,1423.6,2276.0,23170.7,57.2,2124.8,4852.9,3709.7,9942.6,8067.2,3933.2,2711.9,3222.0,9224.9,1211.2,715.7,2188.4,1434.5
2021-06-01,8994.6,6897.8,1173.0,2128.3,39179.1,70.4,2084.8,4828.7,4256.1,10822.2,6118.0,3761.6,2863.7,3658.3,5084.0,935.1,686.4,2010.5,1041.1
2021-07-01,11884.6,7255.4,1176.8,2721.3,67488.5,94.9,2264.7,4794.4,4333.9,11728.9,6605.5,3980.4,2371.0,3403.8,5428.3,804.9,772.2,1587.5,889.7
2021-08-01,7948.9,6954.2,973.4,2248.7,103650.8,262.3,2653.6,4283.2,3304.4,9719.9,5618.3,3652.5,2148.3,2856.1,5500.5,681.1,494.2,1400.3,811.7
2021-09-01,8083.8,6854.9,860.9,2414.0,38449.1,642.8,2335.9,4711.8,3345.5,9542.2,5838.7,3923.3,2252.9,3020.6,5418.8,803.8,475.4,1418.6,811.4
2021-10-01,7410.9,6183.3,901.4,2365.2,28079.1,325.2,1988.5,4494.0,3266.6,9169.2,5894.5,3654.7,2246.2,2966.8,5077.1,851.2,570.4,1462.5,828.4
2021-11-01,7601.9,6228.2,1281.6,2441.5,28830.8,474.6,2050.0,4658.3,3208.8,9076.2,5905.9,3808.4,2129.0,2796.8,4872.1,1132.0,1123.1,1747.2,1202.2
2021-12-01,6641.0,4791.0,1092.0,2356.8,24142.5,188.0,3040.1,6874.6,3057.9,8681.5,6209.9,3766.5,1626.9,2043.4,3654.2,1392.8,657.1,1652.1,1100.6
2022-01-01,7206.5,5166.7,1224.3,2644.1,18179.3,171.2,3122.5,4984.1,3222.0,9636.9,7657.1,3165.0,1881.2,2276.7,4525.8,1064.4,638.0,1744.5,1145.5
2022-02-01,7882.9,6340.9,1194.6,2876.5,21048.6,141.4,3111.4,4945.3,3486.8,10205.0,7379.4,3743.3,2045.4,3032.7,6059.9,920.5,684.1,1646.2,1021.6
2022-03-01,7687.5,6939.5,1080.8,2543.5,20736.9,132.4,4057.7,5390.3,3797.7,9968.3,6774.7,4263.6,2274.3,2851.1,6134.8,1038.0,685.2,1618.1,968.0
2022-04-01,7675.1,7164.5,1101.2,2643.8,21493.8,277.5,3267.0,4984.4,4092.6,9522.1,6547.9,3553.6,2234.6,2795.0,5397.1,977.6,676.9,1583.2,902.0
2022-05-01,7508.4,7431.1,986.6,2494.0,21771.3,247.8,2774.9,4845.2,3507.0,9543.6,6326.1,3754.3,2153.2,2953.8,5952.0,791.8,686.8,1463.4,998.3
2022-06-01,8118.2,7173.7,1110.6,2358.2,27248.4,229.1,3692.9,4454.3,3964.7,9977.4,7212.5,3706.3,2411.1,2788.3,6169.5,742.1,589.9,1508.1,1072.6
2022-07-01,7427.0,6591.2,964.1,2400.2,17254.3,268.5,13653.4,4458.4,3570.8,9600.1,6015.4,3315.7,2181.3,2492.1,5435.2,695.9,679.7,1329.4,796.2
2022-08-01,7577.3,6932.4,963.7,2519.0,25441.1,245.5,8406.5,5164.9,3562.7,9640.7,6606.5,3879.9,2440.6,2796.5,6333.3,874.5,1493.5,1379.3,920.7
2022-09-01,10406.1,8716.5,1137.7,2584.6,31530.5,254.7,4913.3,6018.8,3947.5,11646.6,6854.1,5073.7,2915.9,3704.7,6156.3,1065.4,545.9,2251.9,809.6
2022-10-01,8837.5,7827.5,1156.4,2615.6,41498.6,276.7,4021.7,5120.2,4528.8,14099.4,6775.6,4200.4,2978.0,6080.5,6235.1,864.1,712.7,2633.1,810.7
2022-11-01,30166.9,18511.1,3412.0,3966.4,88590.0,243.5,4956.8,5802.8,13749.6,27012.8,7419.0,4381.4,5951.0,8895.3,6511.8,1113.9,3871.2,3355.9,1125.6
2022-12-01,75270.9,16569.1,14136.2,10288.5,372950.5,322.7,4664.9,6209.6,9238.8,23348.5,7045.4,3324.2,3186.0,4626.7,4288.2,1275.3,1978.5,3832.2,1149.7
2023-01-01,10991.0,6921.0,1814.4,3531.5,50133.0,295.3,4231.0,5264.5,4301.9,14872.5,6992.6,3416.0,2285.9,3973.6,5266.2,1125.3,742.9,2671.7,1103.8
2023-02-01,8785.6,6762.6,1255.8,3058.9,43046.1,255.4,3470.3,5633.8,3581.5,11026.7,6845.8,3839.0,2297.5,3164.0,5941.3,1119.2,558.1,1621.1,991.6
2023-03-01,11302.5,9510.4,1357.3,3264.6,45466.4,335.9,3895.9,5834.5,3651.1,12313.9,7352.0,4189.4,2451.6,3431.1,6401.2,904.5,699.5,1576.9,1041.6
2023-04-01,8245.4,7699.3,1064.1,3228.9,33255.3,546.1,3700.4,4835.8,3391.4,10997.8,6749.1,3847.6,2329.1,3061.1,5493.3,799.3,502.3,1537.3,904.1
2023-05-01,8698.4,7377.5,1160.6,2864.5,39298.1,664.8,3418.0,4939.5,3593.2,10952.0,7463.5,3884.1,2409.4,3051.3,6021.0,730.5,531.1,1441.6,928.1
2023-06-01,10838.1,7227.1,1090.4,2787.8,84658.7,426.1,3767.4,4837.6,3786.4,12206.7,7213.0,3889.6,2837.1,2865.0,5422.8,740.2,561.2,1447.0,1393.9
2023-07-01,8714.0,5960.4,1059.6,2729.3,64093.6,322.6,3991.3,4713.1,3545.7,10834.1,7334.4,3289.5,2317.0,2276.2,5488.4,771.8,587.3,1497.6,1650.6
2023-08-01,9660.8,7193.7,1239.8,2901.9,69824.4,11914.1,3921.3,4852.1,3895.0,11266.0,7985.9,3585.0,2329.9,2773.5,5922.9,753.9,574.5,1465.0,1160.4
2023-09-01,11329.8,7090.1,1110.4,2795.7,39921.7,5114.9,3925.0,5969.9,4457.6,12443.9,7388.3,4159.3,2697.4,3570.6,5616.5,1781.0,472.4,1326.3,808.5
2023-10-01,10941.5,8346.3,1249.8,2952.2,48507.8,7344.5,4028.2,5240.2,4167.3,12285.5,7249.6,3803.6,2830.1,3685.9,5905.1,811.3,542.4,1394.7,886.3
2023-11-01,17002.8,9832.1,2282.4,3994.7,33490.7,48678.4,4391.0,5829.6,4292.1,12999.5,7201.9,3601.2,2796.7,3459.3,5413.6,946.0,615.0,1615.2,1004.3
2023-12-01,11149.7,7136.9,1696.2,3139.5,26227.1,18227.5,4954.4,4784.1,3978.6,10390.5,6851.5,2668.6,1906.9,2097.6,4092.5,838.7,626.0,1668.3,995.8
2024-01-01,9829.5,5484.7,1728.1,3340.5,30474.5,9939.6,7042.1,5945.3,5393.0,11157.2,8037.6,3110.0,2855.1,2554.8,5146.4,1075.0,819.4,1684.8,1174.4
2024-02-01,8808.0,5367.5,1563.0,3127.3,29336.1,9476.0,5710.0,6187.5,3916.9,11123.4,8074.0,3623.6,2194.0,2550.2,5050.7,1182.9,681.5,1654.2,1160.6
2024-03-01,9388.8,6406.9,1274.7,3178.1,24849.1,5210.2,4672.7,5212.7,3896.2,12183.9,7362.8,3264.5,2332.4,3026.5,5417.8,870.8,636.9,1653.5,1070.6
2024-04-01,10045.4,5956.5,1129.5,17899.0,26132.2,5391.0,3947.4,5095.9,3737.1,10415.1,6817.8,3142.8,2295.9,3420.1,4998.9,783.4,684.9,1613.5,884.0
2024-05-01,7789.8,5470.2,1032.6,2831.0,24147.3,4899.7,3627.3,4538.9,3238.5,10210.1,6011.1,2650.5,1837.9,2788.5,4218.9,706.1,464.5,1395.8,835.2
2024-06-01,9344.8,5212.6,1358.0,2460.5,34334.4,5564.3,4067.6,4281.5,4444.2,10581.3,6068.0,2678.9,2267.6,2447.4,3840.5,707.2,622.3,1528.7,791.6
2024-07-01,12014.6,5060.5,1191.0,2639.5,49009.8,4727.1,3441.2,4344.6,7800.5,11008.2,8329.2,2451.0,2871.2,2302.1,5418.1,659.9,717.4,1449.9,975.5
2024-08-01,7348.2,4176.5,937.0,2347.3,18414.0,3395.0,2938.5,4140.6,3857.7,10463.9,6055.5,2425.4,1697.8,2253.0,3831.5,642.3,456.4,1239.3,829.5
2024-09-01,8825.9,4332.8,912.1,2509.7,22805.4,4322.7,3113.0,4292.6,3362.4,10892.3,5745.4,2773.1,1718.2,2298.2,3813.0,614.6,434.0,1169.4,747.4
2024-10-01,8363.2,4702.8,977.2,3863.2,29588.1,3574.7,3145.6,4314.0,3509.5,9507.6,5492.5,2718.7,2074.2,2635.5,3957.8,681.5,591.2,1311.3,795.8
2024-11-01,8728.4,4311.4,1234.2,2736.6,20007.7,9675.5,3537.4,4527.9,4009.0,9900.6,5909.4,2462.0,2167.9,2400.4,3447.9,762.6,761.6,1401.3,831.1
2024-12-01,7343.5,3454.2,1285.7,2673.9,18211.1,6766.9,3469.4,3961.9,3156.6,8589.5,5833.8,1973.5,1421.2,1657.3,2765.0,751.9,637.8,1433.6,930.2
2025-01-01,7557.3,3717.9,1923.2,2639.4,18688.5,6431.3,3782.9,4348.5,3742.9,9116.5,9323.7,2176.6,1737.4,1951.6,3639.7,835.3,643.1,1656.5,1355.7
2025-02-01,7749.2,3816.1,1435.0,2890.5,20167.1,9472.7,3985.2,4573.2,3747.9,9199.5,6668.1,2250.6,1818.5,2084.5,3495.4,903.6,733.0,1452.1,926.6
2025-03-01,7629.4,4159.1,1119.8,2666.2,21568.7,4138.4,3244.2,4308.7,3519.7,9505.0,5665.2,2189.1,1842.1,2307.2,3680.0,784.8,722.3,1494.4,873.3
2025-04-01,7385.0,3804.1,1092.5,3273.6,19559.2,4615.3,3574.4,4453.0,3015.0,8592.0,5235.9,1971.8,1646.6,2030.9,3019.3,664.4,547.4,1161.1,769.9
2025-05-01,7175.7,3661.1,888.0,2680.7,20458.3,2920.9,2810.0,4181.2,4037.2,8925.8,5557.8,1979.2,2220.1,1982.7,2907.8,596.5,662.8,1022.7,588.4
2025-06-01,6891.4,3425.0,882.4,2222.3,27579.1,3661.3,2194.2,3685.1,3068.8,8285.3,5663.3,1937.1,1299.7,1776.4,2692.1,560.2,509.8,1082.6,632.5
2025-07-01,6760.1,3200.5,797.3,2167.5,19312.0,3682.5,2157.1,3706.7,2933.1,8486.1,5040.3,1816.1,1234.3,1647.7,2670.3,535.7,419.2,1047.1,624.1
2025-08-01,6265.2,3205.9,951.5,2280.8,15943.2,3478.6,2331.5,3577.1,3130.8,7965.0,5453.7,1921.5,1251.4,1625.3,2800.0,635.0,568.5,1170.8,777.5
2025-09-01,7405.7,3436.5,887.0,2385.3,22370.2,5135.9,2416.8,7115.2,3460.0,8675.6,5782.7,2085.9,1258.7,1740.6,2612.8,649.2,514.4,1236.8,701.2
2025-10-01,8172.4,3784.9,1153.3,2379.1,19996.3,10203.5,2590.8,4201.2,3205.4,8130.4,5991.9,2119.8,1275.9,1917.8,2672.8,705.1,505.1,1104.8,853.2
2025-11-01,6236.8,3577.5,1131.7,2360.9,20642.3,3765.6,2957.1,4170.0,3122.9,8187.4,5284.0,7206.9,1311.1,1946.2,2955.8,1020.5,696.7,1565.3,1054.9
2025-12-01,6246.6,2725.4,911.1,2222.2,25892.9,2750.4,3488.9,4482.4,3157.4,7267.4,5107.3,2134.1,1140.8,1291.9,2056.4,1000.3,657.0,1144.2,831.5
2026-01-01,6632.4,2883.5,1283.3,2407.7,13222.0,5278.7,4440.8,4539.5,3587.5,8725.2,9394.9,1822.4,1221.8,1506.9,3060.0,990.6,926.5,1827.4,1899.5
2026-02-01,5915.9,2585.4,973.7,2338.9,13082.2,2852.2,3987.9,4278.2,3199.9,7679.9,5171.2,1607.0,1073.8,1355.0,2339.4,680.6,558.5,1252.1,773.8
2026-03-01,5971.7,2828.0,863.8,2312.1,15115.9,4464.9,2733.9,4097.0,3421.9,7823.6,4869.9,1978.0,1195.5,1378.7,2521.8,759.6,545.5,1318.8,669.1
2026-04-01,6269.5,3271.0,908.7,2254.9,16683.1,5944.3,2749.4,3551.0,3270.3,9210.8,4572.4,1990.6,1423.8,1618.9,2543.2,590.2,615.9,1190.7,692.7
2026-05-01,6072.4,3077.4,862.6,2115.5,21214.5,2645.9,3495.0,3528.4,3354.8,9092.8,4521.9,1975.2,1467.9,1513.8,2649.6,630.9,615.7,1076.6,668.6
2026-06-01,14835.0,4525.8,2708.0,2840.8,123214.1,3241.9,3085.4,4037.7,12145.4,14521.6,8192.1,1924.5,3599.6,2394.1,4051.8,890.9,2566.2,2787.9,1971.1
2026-07-01,48407.7,6563.4,8868.4,5814.3,188764.8,12661.1,3862.6,4897.8,6755.6,12833.1,8798.4,1849.6,1790.3,1829.7,2743.6,893.2,1270.6,2032.2,2538.8
2026-08-01,5624.0,2757.3,826.5,2059.6,21945.6,2598.6,2782.2,3542.1,2722.7,7643.1,6829.2,1681.0,1095.7,1264.1,3400.6,563.5,454.5,904.3,942.9
2026-09-01,6441.7,2477.1,774.9,2137.2,19060.1,3683.3,3096.9,3758.6,2956.4,10015.0,4295.4,1766.7,1067.7,1373.8,1995.4,683.3,409.9,996.7,613.5
2026-10-01,5905.0,2401.0,714.5,2031.0,20947.0,2721.5,2612.5,3676.5,3184.0,13974.5,4306.5,1571.0,989.0,1761.5,1867.0,603.5,509.0,1360.0,460.5
