serie,metodo,k_bic,orden_deteccion,fecha_quiebre,media_antes,media_despues,cambio_pct,evento_mas_cercano,dias_al_evento,n_semanas
D_en,Binseg l2 + BIC,5,1,2021-05-23,0.2457063080535222,0.4781215365514247,26.164349041184852,qatar,-574,566
D_en,Binseg l2 + BIC,5,4,2021-09-26,0.4781215365514247,0.29264759596918927,-16.928951686961867,qatar,-448,566
D_en,Binseg l2 + BIC,5,3,2022-11-20,0.29264759596918927,0.5044775316765098,23.593767833761724,qatar,-28,566
D_en,Binseg l2 + BIC,5,5,2024-01-07,0.5044775316765098,0.3828512441423871,-11.452077869985565,asuncion,28,566
D_en,Binseg l2 + BIC,5,2,2025-01-12,0.3828512441423871,0.31200978371795746,-6.839042259269856,cepo,-92,566
D_es,Binseg l2 + BIC,4,4,2019-03-24,0.4922821425113757,0.5622758305074386,7.25014115997189,qatar,-1365,566
D_es,Binseg l2 + BIC,4,1,2020-03-29,0.5622758305074386,0.6317192614334746,7.191142245310855,qatar,-994,566
D_es,Binseg l2 + BIC,4,3,2022-03-20,0.6317192614334746,0.7332651693882661,10.688073185615332,qatar,-273,566
D_es,Binseg l2 + BIC,4,2,2024-01-07,0.7332651693882661,0.5640113616792211,-15.570541228536694,asuncion,28,566
D_de,Binseg l2 + BIC,2,1,2022-10-16,0.090703428220678,0.30924612987324884,24.42621475427007,qatar,-63,566
D_de,Binseg l2 + BIC,2,2,2025-07-06,0.30924612987324884,0.20729088055057332,-9.69300362428146,cepo,83,566
log_ar_en,Binseg l2 + BIC,4,2,2022-09-11,8.926433562543513,9.420212280008725,63.84959501384482,qatar,-98,566
log_ar_en,Binseg l2 + BIC,4,4,2023-01-22,9.420212280008725,9.20695928146755,-19.20482992451159,qatar,35,566
log_ar_en,Binseg l2 + BIC,4,3,2024-02-11,9.20695928146755,8.996018319744142,-19.017812404211686,asuncion,63,566
log_ar_en,Binseg l2 + BIC,4,1,2025-06-01,8.996018319744142,8.796069219027107,-18.122757305316895,cepo,48,566
