mes,dnm_eeuu_can_total,dnm_eeuu_can_aerea,dnm_total_no_residentes,dnm_provisorio,eti_eze_aep_eeuu_can_turistas,eti_eze_aep_eeuu_can_estadia,ntto_us_a_sudamerica,itcrm,itcrb_eeuu
2010-01-01,65433.0,42783.0,756139.0,False,,,,141.43127423592108,112.52647742453705
2010-02-01,50156.0,28007.0,686367.0,False,,,,135.74724111796132,110.20034098884442
2010-03-01,55564.0,35767.0,551145.0,False,,,,133.7412776868304,106.81280765450823
2010-04-01,35936.0,28359.0,494885.0,False,,,,132.61786781597655,105.12101302158935
2010-05-01,29418.0,24090.0,446197.0,False,,,,128.20502962332748,104.28944667711711
2010-06-01,27345.0,22677.0,416456.0,False,,,,126.60627747499066,103.49742702795336
2010-07-01,30680.0,25758.0,574298.0,False,,,,127.96275138767211,102.49563627686554
2010-08-01,27920.0,23556.0,497882.0,False,,,,127.72426650910573,101.46318647136327
2010-09-01,22657.0,18620.0,519212.0,False,,,,128.70569698247132,100.64688383995968
2010-10-01,29291.0,22580.0,542658.0,False,,,,129.49340864146743,98.6203225770769
2010-11-01,39695.0,28890.0,580827.0,False,,,,126.01228875825738,96.7412813562552
2010-12-01,43764.0,29988.0,672527.0,False,,,,124.50316957888232,95.53747605419898
2011-01-01,59843.0,39975.0,758649.0,False,,,124274.0,124.6128743634279,94.71158861204468
2011-02-01,50755.0,29779.0,672960.0,False,,,122879.0,126.45368647994815,94.93129225283691
2011-03-01,49340.0,33097.0,579592.0,False,,,147263.0,126.52727769508664,93.89130054016522
2011-04-01,34633.0,27343.0,560532.0,False,,,118496.0,128.22840412310197,92.62216848745787
2011-05-01,27378.0,22514.0,454117.0,False,,,130842.0,125.84597679313256,91.40990896904306
2011-06-01,23470.0,19513.0,368980.0,False,,,166106.0,125.29492273661208,90.35184556722025
2011-07-01,26599.0,21926.0,593450.0,False,,,158983.0,125.5730850016327,89.72417373081086
2011-08-01,25890.0,22147.0,443612.0,False,,,140780.0,123.52060133047085,89.01416759232612
2011-09-01,22403.0,18634.0,493658.0,False,,,110756.0,116.65557747668164,88.0949603918515
2011-10-01,25548.0,19408.0,520632.0,False,,,116550.0,114.09466059821933,87.27361341621324
2011-11-01,38825.0,28214.0,565948.0,False,,,134168.0,113.08228879978407,87.12431641146334
2011-12-01,41807.0,29124.0,661899.0,False,,,182496.0,110.41459248656392,86.34352139371579
2012-01-01,55992.0,36877.0,752088.0,False,,,125556.0,111.10280371543463,85.84224030605971
2012-02-01,42871.0,24911.0,656961.0,False,,,138358.0,113.81070716472175,85.46204725626893
2012-03-01,50088.0,35693.0,559208.0,False,,,160294.0,109.80158632124116,83.76212721135622
2012-04-01,32130.0,25539.0,528236.0,False,,,124867.0,106.90182383076207,82.52288635044356
2012-05-01,27917.0,23411.0,444648.0,False,,,138522.0,102.62518330711818,81.87684277668082
2012-06-01,24912.0,21269.0,390013.0,False,,,170185.0,100.26682728549852,81.4645418152583
2012-07-01,24936.0,20529.0,535078.0,False,,,156157.0,100.09535171119383,81.06372629767223
2012-08-01,25120.0,21880.0,439846.0,False,,,141979.0,100.46264517601809,80.81179367230136
2012-09-01,20343.0,16485.0,497149.0,False,,,108919.0,101.52839203898388,80.87581095135874
2012-10-01,25043.0,18687.0,480719.0,False,,,117623.0,101.80860950436643,80.97328110880964
2012-11-01,36510.0,25746.0,545017.0,False,,,135971.0,100.65027122348569,80.7380520576581
2012-12-01,40543.0,28144.0,632806.0,False,,,184438.0,101.37999425046318,80.68182324757612
2013-01-01,52455.0,35409.0,682995.0,False,,,125428.0,102.51903725984633,80.40746018081319
2013-02-01,41377.0,24505.0,601971.0,False,,,138617.0,103.48037641404355,80.19991155061159
2013-03-01,43728.0,30678.0,591018.0,False,,,160305.0,102.67538236426583,80.04237961079303
2013-04-01,27458.0,22122.0,445057.0,False,,,124815.0,102.19310801075126,79.34743370342287
2013-05-01,23591.0,19913.0,427280.0,False,,,139367.0,101.31354578316255,79.1742853001306
2013-06-01,22708.0,19354.0,421246.0,False,,,171972.0,99.06137456208522,79.18655379374079
2013-07-01,22744.0,18643.0,559551.0,False,,,165187.0,97.28322889151572,79.21014408159068
2013-08-01,21918.0,18822.0,440429.0,False,,,148030.0,96.8606686770547,79.69705619237727
2013-09-01,19645.0,16399.0,502944.0,False,,,111115.0,98.92359790749803,80.42269138586315
2013-10-01,23810.0,18087.0,498393.0,False,,,124161.0,100.52661867948017,80.1272722825169
2013-11-01,34241.0,24695.0,583967.0,False,,,135463.0,98.56686491900915,80.34395877790429
2013-12-01,41929.0,27526.0,755435.0,False,,,190728.0,101.029397091057,82.6435562916021
2014-01-01,49485.0,33734.0,793075.0,False,31214.0,17.2,127749.0,108.18112142933694,89.05941160340346
2014-02-01,41941.0,24578.0,737921.0,False,22854.0,16.9,137612.0,114.79852774296717,94.36073540600289
2014-03-01,47494.0,30262.0,643782.0,False,28022.0,16.7,154680.0,112.15815746112361,91.03396732497772
2014-04-01,26335.0,20785.0,587993.0,False,19089.0,24.5,123068.0,111.61090168901075,89.19731573451409
2014-05-01,21885.0,18270.0,463110.0,False,16969.0,14.8,144464.0,109.7969388631929,87.54067187761939
2014-06-01,22643.0,17800.0,425919.0,False,16627.0,16.8,208023.0,108.45302496158084,86.60731453316909
2014-07-01,23809.0,18944.0,557662.0,False,17577.0,21.5,167627.0,107.08538215082295,85.3033054673667
2014-08-01,22167.0,18709.0,518937.0,False,17477.0,14.6,143609.0,105.69477818846093,85.0802765422646
2014-09-01,17890.0,14511.0,522888.0,False,13568.0,15.3,112581.0,102.48409365650217,83.98921824792252
2014-10-01,24035.0,18323.0,560777.0,False,17459.0,13.2,123729.0,98.9684525661701,82.85832666610209
2014-11-01,33239.0,24840.0,608988.0,False,23727.0,16.5,134019.0,95.99836242908584,81.83701166848482
2014-12-01,36922.0,24795.0,744167.0,False,23657.0,17.2,194344.0,93.04111730127227,80.73268233260127
2015-01-01,52523.0,35289.0,841731.0,False,32799.0,16.4,129211.0,91.27074383173468,79.54395465135029
2015-02-01,43263.0,25067.0,765327.0,False,23326.0,13.7,135309.0,88.68122894005758,78.84132346638694
2015-03-01,45477.0,29586.0,576712.0,False,27814.0,10.1,154234.0,84.55035611186415,78.48722263596403
2015-04-01,28212.0,21981.0,529058.0,False,20109.0,17.8,126276.0,84.90425845964263,77.78316565257506
2015-05-01,22812.0,18721.0,447471.0,False,17499.0,15.6,146458.0,84.84281977887586,77.08774918863175
2015-06-01,22888.0,18942.0,402884.0,False,17669.0,16.5,182575.0,84.01860375605544,76.83801673210782
2015-07-01,22833.0,18875.0,540064.0,False,17324.0,15.8,179749.0,82.3392624624866,76.51354295049647
2015-08-01,21318.0,18208.0,457485.0,False,16183.0,15.9,156707.0,79.25537915478466,75.89091961798461
2015-09-01,20306.0,16661.0,470952.0,False,15446.0,13.4,128821.0,76.19734652426345,75.3644232944085
2015-10-01,24978.0,19572.0,508458.0,False,18197.0,12.3,139398.0,76.09302118445731,75.00526222619463
2015-11-01,35205.0,25780.0,550219.0,False,24071.0,17.7,156448.0,75.43439533902286,74.72960440034568
2015-12-01,46709.0,29533.0,725262.0,False,27847.0,12.4,234277.0,85.10477049531175,84.80538703115195
2016-01-01,66695.0,39785.0,799957.0,False,36327.0,17.6,153576.0,96.0022244484465,97.16341376326888
2016-02-01,55017.0,28328.0,736020.0,False,26377.0,11.9,160319.0,102.49374672974656,101.90884484668968
2016-03-01,55226.0,32053.0,607207.0,False,29647.0,13.1,183477.0,102.97384452346502,99.24879791233884
2016-04-01,31109.0,24870.0,445620.0,False,22973.0,12.5,145179.0,97.29084128597839,92.44246958667222
2016-05-01,22699.0,19151.0,414076.0,False,17881.0,13.0,160869.0,91.33159250700477,86.97607140967924
2016-06-01,23336.0,19264.0,374008.0,False,18080.0,14.7,202821.0,89.17341565386299,84.35699775748986
2016-07-01,25629.0,20868.0,542615.0,False,19386.0,22.5,198609.0,92.67069708045267,86.69992554581091
2016-08-01,25591.0,21407.0,463280.0,False,20011.0,20.0,178300.0,92.64089094894705,85.49375035566075
2016-09-01,21903.0,17933.0,475513.0,False,17087.0,15.9,129157.0,93.13464255554752,86.62510417544681
2016-10-01,25292.0,20087.0,526787.0,False,19250.0,12.4,131988.0,91.90353214115564,85.76534072412544
2016-11-01,37412.0,26809.0,554275.0,False,25691.0,12.5,146737.0,88.92508556250768,85.2105596335325
2016-12-01,48341.0,30532.0,728849.0,False,28965.0,12.8,219445.0,89.83126350149445,86.88921034019047
2017-01-01,66059.0,38842.0,777224.0,False,35839.0,14.3,135006.0,90.56543026920166,86.24726543744023
2017-02-01,55975.0,28272.0,688979.0,False,26483.0,13.2,146664.0,88.71165471542706,83.23013623503323
2017-03-01,50320.0,31426.0,550109.0,False,29230.0,13.3,165836.0,86.53752808153097,81.16487582987082
2017-04-01,32310.0,24972.0,521958.0,False,22933.0,16.2,148540.0,83.65709388943391,78.30175976215747
2017-05-01,22884.0,19149.0,417016.0,False,17797.0,15.5,154436.0,84.16110138488445,78.62063134747379
2017-06-01,22149.0,18794.0,378933.0,False,17296.0,17.0,193673.0,85.02888284039788,79.48269465290949
2017-07-01,25872.0,21776.0,548411.0,False,20119.0,16.6,182796.0,91.02525792226119,83.62513304251829
2017-08-01,26348.0,23394.0,461297.0,False,21446.0,17.0,161435.0,92.50985551762045,83.71942205971176
2017-09-01,20975.0,17730.0,494484.0,False,16166.0,13.8,119148.0,90.69768708871972,81.74125780535518
2017-10-01,27705.0,21586.0,543509.0,False,19719.0,12.6,137624.0,89.1521384261168,81.67958782318894
2017-11-01,41115.0,30646.0,560970.0,False,28273.0,12.0,157642.0,87.48727029102108,80.81816063281475
2017-12-01,53164.0,33558.0,768358.0,False,30743.0,16.4,222500.0,86.9438846176935,80.31211295255588
2018-01-01,72066.0,45297.0,809236.0,False,40343.0,13.9,142741.0,93.38977240675486,84.38663401762888
2018-02-01,56729.0,28976.0,696249.0,False,26115.0,12.4,153627.0,96.02552066411461,86.477025307946
2018-03-01,54561.0,34464.0,595508.0,False,31342.0,14.4,191110.0,95.4623482301504,86.26927744378233
2018-04-01,34821.0,28401.0,499958.0,False,25687.0,17.8,145104.0,92.05714691681429,84.34156044473936
2018-05-01,24763.0,20737.0,435740.0,False,18724.0,11.7,165023.0,101.36252895620815,96.19618329818836
2018-06-01,23575.0,19876.0,369320.0,False,17846.0,16.8,206951.0,109.3560194880983,105.38430692789392
2018-07-01,26469.0,22594.0,553591.0,False,20194.0,15.4,190062.0,109.43989285594019,106.01338675404286
2018-08-01,27269.0,23858.0,471338.0,False,21427.0,15.6,179596.0,113.29670034724434,111.12121540521547
2018-09-01,24490.0,20554.0,545993.0,False,18697.0,10.4,139333.0,136.6965551150548,136.09826666759983
2018-10-01,30747.0,23724.0,550730.0,False,21328.0,11.4,152095.0,126.65920399143985,123.9048399982793
2018-11-01,44171.0,32754.0,625918.0,False,29382.0,12.3,179185.0,118.71311385702204,116.8158008446811
2018-12-01,60671.0,37767.0,788186.0,False,34032.0,16.0,259280.0,119.13022559883649,118.11770109631551
2019-01-01,86374.0,52176.0,880800.0,False,46780.0,13.1,169540.0,116.39754260971664,113.52825977517577
2019-02-01,67849.0,32654.0,725379.0,False,29472.0,12.5,180889.0,116.39163919698258,112.89326060236614
2019-03-01,64300.0,38838.0,640874.0,False,35513.0,14.0,215675.0,119.63390135741726,117.07197460339823
2019-04-01,35324.0,27754.0,582118.0,False,25312.0,13.3,163975.0,120.03633284525918,118.16743516961205
2019-05-01,26279.0,21506.0,464542.0,False,19880.0,13.3,185263.0,119.3254441352763,118.95378269178852
2019-06-01,25406.0,20948.0,431531.0,False,18889.0,12.1,232188.0,114.6493040431563,112.82705903484533
2019-07-01,30911.0,24989.0,607783.0,False,22220.0,13.6,218521.0,109.72629762001024,107.00358208685961
2019-08-01,26551.0,22630.0,500973.0,False,20343.0,14.2,193247.0,127.63072802436525,127.74358628092634
2019-09-01,23095.0,18382.0,579258.0,False,16742.0,11.3,148883.0,130.5960387182682,132.14064420547277
2019-10-01,29528.0,22270.0,546924.0,False,20291.0,11.2,165505.0,129.67606477274478,131.0417015486821
2019-11-01,44102.0,30155.0,620345.0,False,27715.0,11.2,184974.0,126.85721613471752,129.24005332408217
2019-12-01,73509.0,43505.0,818446.0,False,40121.0,14.6,279714.0,123.51025125245619,124.95151115419193
2020-01-01,85464.0,50219.0,895528.0,False,44549.0,14.8,187169.0,120.74144686809575,121.84992638933036
2020-02-01,75997.0,35895.0,819976.0,False,32587.0,10.7,210944.0,118.82458634184037,122.15806809680568
2020-03-01,28685.0,12504.0,331472.0,False,11171.0,9.7,90054.0,114.3909423680423,122.36871255839047
2020-04-01,0.0,0.0,0.0,False,0.0,0.0,741.0,111.48331206182314,123.32933850757912
2020-05-01,0.0,0.0,0.0,False,0.0,0.0,1486.0,111.66535022475061,124.70542300438015
2020-06-01,0.0,0.0,0.0,False,0.0,0.0,3698.0,116.54818264146999,125.96248580287804
2020-07-01,137.0,135.0,1283.0,False,,,7357.0,117.8980986356416,127.27356653798012
2020-08-01,169.0,165.0,3372.0,False,,,12421.0,118.88800263543965,128.19210942480316
2020-09-01,258.0,250.0,4309.0,False,,,19819.0,119.58809089053032,128.43793099097994
2020-10-01,462.0,459.0,5018.0,False,,,45165.0,118.10908536259886,128.48415583953533
2020-11-01,594.0,588.0,9737.0,False,,,66899.0,119.55610485137193,128.18368947559335
2020-12-01,1262.0,1250.0,18809.0,False,,,126615.0,123.17567601244556,128.39443469274016
2021-01-01,3618.0,3606.0,22790.0,False,3603.0,32.5,55904.0,122.78666270910176,128.6562767638539
2021-02-01,1714.0,1703.0,12660.0,False,1703.0,30.1,53320.0,122.33700552394454,128.4430576391959
2021-03-01,2223.0,2215.0,14275.0,False,2206.0,37.1,78555.0,119.0222848666552,127.12139249952088
2021-04-01,2150.0,2146.0,10750.0,False,,,71311.0,116.76346229484012,124.6277670365368
2021-05-01,1039.0,1029.0,7548.0,False,,,79338.0,117.24355940054636,122.75242131536575
2021-06-01,1077.0,1069.0,6118.0,False,,,115700.0,116.95636213369802,121.26218626306839
2021-07-01,859.0,853.0,4843.0,False,,,143042.0,113.74255583468961,119.58457834564076
2021-08-01,803.0,798.0,4315.0,False,,,127716.0,111.90832904100186,118.04037214155076
2021-09-01,616.0,613.0,4749.0,False,,,117476.0,110.09025234764391,116.26602322703025
2021-10-01,2348.0,2327.0,20810.0,False,2320.0,22.4,134929.0,105.6623398716956,114.20176798067138
2021-11-01,9837.0,9527.0,73526.0,False,8951.0,18.6,170913.0,103.81965767478395,113.13051793089613
2021-12-01,19158.0,17046.0,115037.0,False,15271.0,17.8,253205.0,101.82141879023305,112.16750394099778
2022-01-01,29470.0,27819.0,176499.0,False,25372.0,21.4,139025.0,101.56146602066994,110.88777682688573
2022-02-01,19524.0,17867.0,150583.0,False,15278.0,20.8,162180.0,102.63989859178467,109.53353567294576
2022-03-01,27804.0,25095.0,211963.0,False,22959.0,19.0,204017.0,101.52932153035933,107.4666389291468
2022-04-01,24924.0,22262.0,302039.0,False,20852.0,24.3,189398.0,100.21262177796153,105.27665753783576
2022-05-01,19541.0,16950.0,276316.0,False,16052.0,16.5,197390.0,96.65944349778653,104.47983288890883
2022-06-01,19923.0,17210.0,249339.0,False,16242.0,17.8,233185.0,95.78978657410592,104.59135860214145
2022-07-01,22917.0,19768.0,388867.0,False,18185.0,17.0,236927.0,91.8625989896518,103.53448185862804
2022-08-01,24098.0,21266.0,356197.0,False,19596.0,16.8,211719.0,91.70033282804522,101.8020376791915
2022-09-01,20262.0,17060.0,386036.0,False,15641.0,13.0,183653.0,89.2653208401899,101.31552987385939
2022-10-01,26866.0,20923.0,424659.0,False,19249.0,16.3,196027.0,88.36194598935148,101.84527354902514
2022-11-01,46423.0,34433.0,483239.0,False,31937.0,12.0,237101.0,90.10823754948638,103.17787606502868
2022-12-01,67857.0,40883.0,483964.0,False,38139.0,15.8,315377.0,93.21739898921825,104.8178752660008
2023-01-01,92831.0,58665.0,728432.0,False,53763.0,15.2,219734.0,95.14506379723183,105.13724243736225
2023-02-01,80340.0,40599.0,682028.0,False,37572.0,13.6,233687.0,94.77435753987034,104.66193569906964
2023-03-01,85015.0,50079.0,565469.0,False,46447.0,15.4,266361.0,93.59683832078586,103.47663845275618
2023-04-01,43173.0,32990.0,619738.0,False,30501.0,14.8,209311.0,93.81909115336762,102.07074095153331
2023-05-01,27092.0,21715.0,510631.0,False,20074.0,13.1,221604.0,93.05538696150745,101.42888497202225
2023-06-01,27035.0,21936.0,443857.0,False,20384.0,15.6,287919.0,93.97033217972631,102.20116506472704
2023-07-01,31303.0,25755.0,652786.0,False,23841.0,15.7,289152.0,95.85510842737271,103.34030987271943
2023-08-01,31577.0,26703.0,540366.0,False,24840.0,20.8,250967.0,104.832892328892,114.28909600596174
2023-09-01,26133.0,20632.0,572900.0,False,19139.0,12.4,208007.0,100.67359694057902,111.26486663163529
2023-10-01,33773.0,25514.0,625427.0,False,23516.0,12.0,221099.0,89.63639402916952,100.98742876441473
2023-11-01,58820.0,43684.0,667079.0,False,40773.0,10.2,274849.0,83.20334916090965,92.33079865179428
2023-12-01,76942.0,48738.0,676933.0,False,45472.0,15.3,355247.0,124.87938715301705,137.4111296836615
2024-01-01,107780.0,63701.0,898289.0,False,58288.0,17.8,243376.0,132.78579484356328,146.57639667337043
2024-02-01,87170.0,41150.0,757183.0,False,37864.0,13.7,267407.0,115.75297225787128,128.40236124831407
2024-03-01,90813.0,47876.0,673207.0,False,43989.0,11.5,301853.0,105.88039900845791,117.33559470057259
2024-04-01,46356.0,31896.0,469566.0,False,28843.0,13.2,237350.0,97.03123217510874,109.30681270737186
2024-05-01,26913.0,21051.0,372258.0,False,18747.0,15.4,261590.0,93.43445567439771,104.94413084356218
2024-06-01,26626.0,21216.0,351173.0,False,19161.0,15.4,304247.0,89.90391354593461,102.59766511263977
2024-07-01,26401.0,21132.0,531365.0,False,18917.0,21.8,287483.0,87.88267009907541,100.58789834669189
2024-08-01,27782.0,23522.0,455392.0,False,21143.0,13.2,273296.0,87.15821587765426,98.78211055755104
2024-09-01,21905.0,17184.0,484907.0,False,15036.0,14.9,214018.0,86.04507311663875,97.27893909221797
2024-10-01,31595.0,22480.0,444004.0,False,19833.0,10.9,234688.0,84.04742802754734,96.5167363381168
2024-11-01,52754.0,35669.0,547261.0,False,32431.0,10.5,279568.0,81.75185637260766,96.30083719416055
2024-12-01,78073.0,44295.0,619223.0,False,40304.0,15.3,399165.0,79.79513394167029,96.11746062743971
2025-01-01,93354.0,57782.0,720590.0,True,51494.0,12.4,262625.0,79.70424689514543,96.10899032978749
2025-02-01,68229.0,34128.0,528304.0,True,30212.0,12.5,275600.0,81.04438505740457,95.6160567350042
2025-03-01,78629.0,47214.0,514989.0,True,42203.0,11.5,309664.0,80.50509444461592,93.81988249597546
2025-04-01,34863.0,26645.0,445119.0,True,23688.0,13.3,226903.0,82.33537597955628,95.35925886271632
2025-05-01,24526.0,19207.0,331903.0,True,17028.0,13.7,241723.0,83.90405557894319,95.99140009979155
2025-06-01,23859.0,19151.0,334108.0,True,16880.0,14.9,292333.0,86.12891890148563,97.14329666784288
2025-07-01,24861.0,19907.0,447184.0,True,17411.0,12.9,301606.0,91.77660008750954,102.85364036833336
2025-08-01,26393.0,22332.0,418527.0,True,19682.0,15.4,268919.0,95.05214581822446,106.00149539050331
2025-09-01,22558.0,17826.0,398472.0,True,15877.0,12.3,208241.0,99.10494368015927,110.03194175751595
2025-10-01,31309.0,22488.0,420799.0,True,19837.0,13.7,233627.0,98.90036492598405,110.74231665638112
2025-11-01,52644.0,38213.0,536150.0,True,35610.0,13.6,273391.0,96.00808293083416,107.60229907018365
2025-12-01,80994.0,45478.0,584618.0,True,42514.0,12.1,398551.0,94.67986195318032,106.29102756648375
2026-01-01,108788.0,70363.0,732425.0,True,,,261135.0,93.53735284060534,103.772198271737
2026-02-01,79571.0,44026.0,573080.0,True,,,273955.0,90.09101526030497,98.14561032044813
2026-03-01,87219.0,57710.0,554984.0,True,,,313664.0,86.23402903685968,94.91510332424448
2026-04-01,45563.0,35971.0,498289.0,True,,,233966.0,84.6695645688686,91.99387074171754
2026-05-01,30956.0,24889.0,405938.0,True,,,241985.0,84.32430568511882,91.36008654139947
2026-06-01,27124.0,22008.0,350373.0,True,,,271985.0,84.97640016253324,92.90805512585565
2026-07-01,28200.0,22912.0,491535.0,True,,,,85.48861942451113,93.21298148053982
2026-08-01,31647.0,26996.0,460774.0,True,,,,85.53463760798282,92.69581957769662
2026-09-01,,,,,,,,85.84232266164015,93.21492261539778
