mes,dnm_eeuu_can_total,dnm_eeuu_can_aerea,dnm_total_no_residentes,eti_eze_aep_eeuu_can_turistas,ntto_us_a_sudamerica,dnm_eeuu_can_total_vs2019_pct,dnm_eeuu_can_aerea_vs2019_pct,ntto_us_a_sudamerica_vs2019_pct,dnm_total_no_residentes_vs2019_pct
2010,457859.0,331075.0,6738593.0,,,-14.13,-6.95,,-8.93
2011,426491.0,311674.0,6674029.0,,1653593.0,-20.02,-12.4,-29.28,-9.8
2012,406405.0,299171.0,6461769.0,,1702869.0,-23.78,-15.92,-27.18,-12.67
2013,375604.0,276153.0,6510286.0,,1735188.0,-29.56,-22.39,-25.8,-12.01
2014,367845.0,265551.0,7165219.0,248240.0,1771505.0,-31.02,-25.37,-24.24,-3.16
2015,386524.0,278215.0,6815623.0,258284.0,1869463.0,-27.51,-21.81,-20.05,-7.88
2016,438250.0,301087.0,6668207.0,281675.0,2010477.0,-17.81,-15.38,-14.02,-9.88
2017,444876.0,310145.0,6711248.0,286044.0,1925300.0,-16.57,-12.83,-17.67,-9.29
2018,480332.0,339002.0,6941767.0,305117.0,2104107.0,-9.92,-4.72,-10.02,-6.18
2019,533228.0,355807.0,7398973.0,323278.0,2338374.0,0.0,0.0,0.0,0.0
2020,193028.0,101465.0,2089504.0,,772368.0,-63.8,-71.48,-66.97,-71.76
2021,45442.0,42932.0,297421.0,,1401409.0,-91.48,-87.93,-40.07,-95.98
2022,349609.0,281536.0,3889701.0,259502.0,2505999.0,-34.44,-20.87,7.17,-47.43
2023,614034.0,417010.0,7285646.0,386322.0,3037937.0,15.15,17.2,29.92,-1.53
2024,624168.0,391172.0,6603828.0,354556.0,3304041.0,17.05,9.94,41.3,-10.75
2025,562219.0,370371.0,5680763.0,332436.0,3293183.0,5.44,4.09,40.83,-23.22
2026,,,,,,,,,
