pais,anio,imp_netas_energia_pct_uso
ARG,1990,-4.071259
ARG,1991,-3.854547
ARG,1992,-7.142339
ARG,1993,-10.783483
ARG,1994,-16.997101
ARG,1995,-23.342176
ARG,1996,-28.306974
ARG,1997,-31.273288
ARG,1998,-30.198901
ARG,1999,-30.411482
ARG,2000,-33.842833
ARG,2001,-44.462606
ARG,2002,-44.631023
ARG,2003,-40.163476
ARG,2004,-28.031842
ARG,2005,-24.036959
ARG,2006,-18.716217
ARG,2007,-8.758409
ARG,2008,-6.261836
ARG,2009,-7.655871
ARG,2010,-2.402168
ARG,2011,7.237417
ARG,2012,8.114399
ARG,2013,13.986218
ARG,2014,14.06781
ARG,2015,13.547781
ARG,2016,11.999369
ARG,2017,13.218915
ARG,2018,8.608755
ARG,2019,2.491677
ARG,2020,1.228006
ARG,2021,5.966368
ARG,2022,1.958558
ARG,2023,0.415715
CAN,1990,-28.035109
CAN,1991,-36.179583
CAN,1992,-38.80463
CAN,1993,-42.052583
CAN,1994,-46.185203
CAN,1995,-51.081815
CAN,1996,-50.428065
CAN,1997,-50.463863
CAN,1998,-52.138068
CAN,1999,-49.873936
CAN,2000,-50.589519
CAN,2001,-51.790605
CAN,2002,-54.762452
CAN,2003,-49.269134
CAN,2004,-50.389794
CAN,2005,-47.977101
CAN,2006,-50.428761
CAN,2007,-54.590049
CAN,2008,-52.792558
CAN,2009,-52.91117
CAN,2010,-55.142238
CAN,2011,-56.292996
CAN,2012,-59.752255
CAN,2013,-65.704813
CAN,2014,-66.696675
CAN,2015,-68.422156
CAN,2016,-69.117305
CAN,2017,-71.731473
CAN,2018,-75.0034
CAN,2019,-75.769176
CAN,2020,-79.703982
CAN,2021,-87.582136
CAN,2022,-89.488095
CAN,2023,-89.626081
CHL,1990,50.14542
CHL,1991,50.646308
CHL,1992,49.546873
CHL,1993,51.089244
CHL,1994,58.342137
CHL,1995,59.085298
CHL,1996,64.169372
CHL,1997,64.643817
CHL,1998,69.505481
CHL,1999,71.281617
CHL,2000,70.494045
CHL,2001,67.836546
CHL,2002,69.084038
CHL,2003,71.333772
CHL,2004,75.29682
CHL,2005,72.246247
CHL,2006,72.933961
CHL,2007,77.91174
CHL,2008,72.750094
CHL,2009,70.243593
CHL,2010,72.270444
CHL,2011,73.831174
CHL,2012,67.13843
CHL,2013,65.871558
CHL,2014,67.250829
CHL,2015,68.18478
CHL,2016,69.176897
CHL,2017,68.361002
CHL,2018,67.663563
CHL,2019,69.225887
CHL,2020,66.718239
CHL,2021,68.863243
CHL,2022,66.273212
CHL,2023,62.276204
NZL,1990,16.313418
NZL,1991,14.34342
NZL,1992,14.851992
NZL,1993,14.211229
NZL,1994,18.72422
NZL,1995,20.321389
NZL,1996,18.046033
NZL,1997,16.110219
NZL,1998,21.453778
NZL,1999,19.847202
NZL,2000,19.547953
NZL,2001,19.148231
NZL,2002,21.606475
NZL,2003,26.111646
NZL,2004,30.557269
NZL,2005,29.205299
NZL,2006,28.433016
NZL,2007,25.305341
NZL,2008,16.853235
NZL,2009,19.515838
NZL,2010,16.103318
NZL,2011,19.082206
NZL,2012,19.907116
NZL,2013,24.358242
NZL,2014,22.429508
NZL,2015,23.878275
NZL,2016,28.760951
NZL,2017,28.825978
NZL,2018,33.517885
NZL,2019,31.844273
NZL,2020,30.645787
NZL,2021,29.393245
NZL,2022,28.821421
NZL,2023,31.632962
PRT,1990,88.852088
PRT,1991,87.586216
PRT,1992,89.278588
PRT,1993,87.282459
PRT,1994,85.670227
PRT,1995,89.970145
PRT,1996,84.77332
PRT,1997,88.225128
PRT,1998,87.788568
PRT,1999,92.15817
PRT,2000,89.690746
PRT,2001,88.776344
PRT,2002,87.593769
PRT,2003,89.575131
PRT,2004,88.203857
PRT,2005,92.727478
PRT,2006,88.656192
PRT,2007,85.8163
PRT,2008,88.410395
PRT,2009,85.746317
PRT,2010,79.499157
PRT,2011,82.809857
PRT,2012,85.121336
PRT,2013,78.782431
PRT,2014,77.438953
PRT,2015,84.277322
PRT,2016,80.591142
PRT,2017,87.173644
PRT,2018,85.338974
PRT,2019,84.356547
PRT,2020,71.50919
PRT,2021,73.744124
PRT,2022,81.512795
PRT,2023,77.244898
URY,1990,52.267394
URY,1991,64.175058
URY,1992,62.628973
URY,1993,54.577411
URY,1994,63.801521
URY,1995,79.358852
URY,1996,74.049641
URY,1997,73.248254
URY,1998,66.27176
URY,1999,81.688873
URY,2000,74.345513
URY,2001,67.960365
URY,2002,54.775856
URY,2003,71.973362
URY,2004,85.531086
URY,2005,73.392859
URY,2006,84.238537
URY,2007,67.38643
URY,2008,72.403086
URY,2009,75.050319
URY,2010,62.735218
URY,2011,64.447424
URY,2012,72.068378
URY,2013,55.385595
URY,2014,49.837313
URY,2015,48.128948
URY,2016,44.324391
URY,2017,39.290939
URY,2018,43.921569
URY,2019,38.909068
URY,2020,44.751995
URY,2021,41.977879
URY,2022,46.206894
