pais,grupo,Item Code,produccion_kt_2019_23,suministro_interno_kt_2019_23,ssr_pct,ssr_pct_2023,kcal_cap_dia_prom
ARG,Cereales,2905,413307.0,154735.0,267.11,213.75,1024.7
ARG,Raíces amiláceas,2907,14807.0,13455.0,110.05,108.76,84.39
ARG,Azúcar y endulzantes,2909,13414.0,12223.0,109.74,110.27,407.21
ARG,Legumbres,2911,5163.0,2278.0,226.65,233.17,72.66
ARG,Frutos secos,2912,100.0,195.0,51.28,54.29,4.51
ARG,Oleaginosas,2913,249286.0,242705.0,102.71,74.17,20.21
ARG,Aceites vegetales,2914,45497.0,17960.0,253.32,290.22,419.27
ARG,Hortalizas,2918,19969.0,19345.0,103.23,107.07,56.17
ARG,Frutas,2919,35389.0,28200.0,125.49,128.63,89.39
ARG,Carne,2943,31377.0,27034.0,116.06,117.31,557.4
ARG,Menudencias,2945,3040.0,2536.0,119.87,120.19,34.27
ARG,Grasas animales,2946,3459.0,2750.0,125.78,130.91,100.21
ARG,Leche,2948,57256.0,48396.0,118.31,115.77,252.41
ARG,Huevos,2949,4528.0,4516.0,100.27,100.41,60.39
ARG,Pescados y mariscos,2960,4237.0,1605.0,263.99,263.38,11.46
CAN,Cereales,2905,298671.0,161317.0,185.15,194.38,860.41
CAN,Raíces amiláceas,2907,29622.0,19573.0,151.34,151.18,137.98
CAN,Azúcar y endulzantes,2909,1378.0,10144.0,13.58,16.0,433.18
CAN,Legumbres,2911,31399.0,5708.0,550.09,984.1,62.1
CAN,Oleaginosas,2913,126292.0,65479.0,192.87,183.24,82.91
CAN,Aceites vegetales,2914,26401.0,10555.0,250.13,253.78,629.4
CAN,Hortalizas,2918,11753.0,23932.0,49.11,51.28,81.12
CAN,Frutas,2919,4515.0,24918.0,18.12,18.78,132.01
CAN,Carne,2943,25963.0,18548.0,139.98,134.34,360.4
CAN,Menudencias,2945,911.0,135.0,674.81,1960.0,2.79
CAN,Grasas animales,2946,5642.0,4690.0,120.3,120.76,248.52
CAN,Leche,2948,48288.0,55500.0,87.01,88.06,269.52
CAN,Huevos,2949,3061.0,3292.0,92.98,91.38,54.03
CAN,Pescados y mariscos,2960,4668.0,5542.0,84.23,83.6,32.04
CHL,Cereales,2905,14179.0,35225.0,40.25,38.2,1107.98
CHL,Raíces amiláceas,2907,5388.0,6800.0,79.24,68.1,100.73
CHL,Azúcar y endulzantes,2909,882.0,4612.0,19.12,12.65,440.11
CHL,Legumbres,2911,241.0,542.0,44.46,50.0,34.33
CHL,Frutos secos,2912,1271.0,354.0,359.04,365.48,25.82
CHL,Oleaginosas,2913,1436.0,2483.0,57.83,59.96,27.3
CHL,Aceites vegetales,2914,1244.0,3571.0,34.84,35.47,256.59
CHL,Hortalizas,2918,11549.0,8408.0,137.36,128.2,65.98
CHL,Frutas,2919,32566.0,18212.0,178.82,166.28,84.62
CHL,Carne,2943,7868.0,9087.0,86.59,80.53,419.5
CHL,Menudencias,2945,396.0,147.0,269.39,242.42,1.84
CHL,Grasas animales,2946,1583.0,1564.0,101.21,97.28,77.89
CHL,Leche,2948,11373.0,14114.0,80.58,76.28,184.18
CHL,Huevos,2949,1131.0,1189.0,95.12,94.17,33.31
CHL,Pescados y mariscos,2960,16780.0,6030.0,278.28,278.28,22.25
NZL,Cereales,2905,4969.0,9456.0,52.55,52.43,908.02
NZL,Raíces amiláceas,2907,2537.0,2281.0,111.22,102.8,97.35
NZL,Azúcar y endulzantes,2909,341.0,2080.0,16.39,16.04,522.53
NZL,Legumbres,2911,131.0,118.0,111.02,83.87,30.67
NZL,Frutos secos,2912,4.0,547.0,0.73,0.92,38.87
NZL,Oleaginosas,2913,25.0,286.0,8.74,8.77,64.72
NZL,Aceites vegetales,2914,73.0,760.0,9.61,14.08,260.41
NZL,Hortalizas,2918,4317.0,3376.0,127.87,102.18,75.07
NZL,Frutas,2919,9051.0,5361.0,168.83,146.26,130.04
NZL,Carne,2943,7357.0,2555.0,287.95,300.0,341.67
NZL,Menudencias,2945,1126.0,834.0,135.01,131.43,41.42
NZL,Grasas animales,2946,4082.0,543.0,751.75,665.08,224.51
NZL,Leche,2948,107839.0,49912.0,216.06,215.23,142.7
NZL,Huevos,2949,334.0,344.0,97.09,94.12,39.18
NZL,Pescados y mariscos,2960,2630.0,935.0,281.28,281.28,40.43
PRT,Cereales,2905,5405.0,29068.0,18.59,17.74,959.54
PRT,Raíces amiláceas,2907,1892.0,4123.0,45.89,40.12,112.54
PRT,Azúcar y endulzantes,2909,82.0,1807.0,4.54,5.1,225.91
PRT,Legumbres,2911,103.0,333.0,30.93,25.68,32.78
PRT,Frutos secos,2912,449.0,504.0,89.09,93.1,39.06
PRT,Oleaginosas,2913,5075.0,13238.0,38.34,50.17,32.76
PRT,Aceites vegetales,2914,2735.0,2326.0,117.58,117.84,477.23
PRT,Hortalizas,2918,12450.0,6281.0,198.22,173.52,81.7
PRT,Frutas,2919,10393.0,12751.0,81.51,78.76,164.94
PRT,Carne,2943,4261.0,4953.0,86.03,81.77,415.48
PRT,Menudencias,2945,274.0,235.0,116.6,115.56,16.05
PRT,Grasas animales,2946,814.0,777.0,104.76,101.24,196.98
PRT,Leche,2948,10371.0,17142.0,60.5,56.75,298.32
PRT,Huevos,2949,732.0,703.0,104.13,96.2,38.63
PRT,Pescados y mariscos,2960,968.0,2908.0,33.29,34.56,80.41
URY,Cereales,2905,19652.0,11619.0,169.14,170.8,1086.16
URY,Raíces amiláceas,2907,826.0,1210.0,68.26,65.09,111.36
URY,Azúcar y endulzantes,2909,204.0,870.0,23.45,25.15,439.22
URY,Legumbres,2911,35.0,1670.0,2.1,1.54,26.02
URY,Oleaginosas,2913,11472.0,65.0,17649.23,573.3,23.67
URY,Aceites vegetales,2914,292.0,515.0,56.7,97.89,356.2
URY,Hortalizas,2918,959.0,1950.0,49.18,49.23,53.05
URY,Frutas,2919,2158.0,2157.0,100.05,94.56,103.3
URY,Carne,2943,3481.0,1061.0,328.09,302.97,311.02
URY,Menudencias,2945,544.0,64.0,850.0,540.91,8.32
URY,Grasas animales,2946,528.0,128.0,412.5,450.0,119.09
URY,Leche,2948,11245.0,7377.0,152.43,157.75,429.93
URY,Huevos,2949,284.0,298.0,95.3,93.33,47.95
URY,Pescados y mariscos,2960,329.0,187.0,175.94,153.49,18.36
CAN,Frutos secos,2912,,4236.0,,,47.68
URY,Frutos secos,2912,,-8.0,,,5.1
