mes,ipc_nivel,var_mensual,var_interanual
2016-12,100.0,,
2017-01,101.5859,0.0158589999999998,
2017-02,103.6859,0.0206721602112105,
2017-03,106.1476,0.0237418974036005,
2017-04,108.9667,0.0265583018363109,
2017-05,110.5301,0.0143475024938812,
2017-06,111.8477,0.0119207347138923,
2017-07,113.7852,0.017322662871029,
2017-08,115.3819,0.0140325806871193,
2017-09,117.5719,0.0189804466731784,
2017-10,119.3528,0.0151473268697708,
2017-11,120.994,0.0137508294736277,
2017-12,124.7956,0.0314197398218092,0.2479559999999999
2018-01,126.9887,0.0175735362464701,0.250062262577779
2018-02,130.0606,0.0241903413453323,0.2543711343586735
2018-03,133.1054,0.0234106255084169,0.2539652333166271
2018-04,136.7512,0.0273903237584651,0.2549815677633626
2018-05,139.5893,0.0207537484131765,0.2629075699741519
2018-06,144.8053,0.0373667609193539,0.2946649774648918
2018-07,149.2966,0.0310161299344708,0.3120915549649691
2018-08,155.1034,0.0388943887536621,0.3442611016112578
2018-09,165.2383,0.065342861600713,0.4054234047421196
2018-10,174.1473,0.0539160715161073,0.4590968959253574
2018-11,179.6388,0.0315336499618426,0.4846918028993173
2018-12,184.2552,0.0256982344571439,0.4764559006888064
2019-01,189.6101,0.0290624090934745,0.4931257663083408
2019-02,196.7501,0.0376562218995719,0.5127571301377974
2019-03,205.9571,0.0467954018828959,0.5473233993511908
2019-04,212.9596414,0.034,0.5572780450921089
2019-05,219.5691,0.0310362027121631,0.5729651198193556
2019-06,225.537,0.0271800540239952,0.5575189582149274
2019-07,230.494,0.021978655386921,0.5438663707010072
2019-08,239.6077,0.0395398578704868,0.5448255808705676
2019-09,253.7102,0.058856622721223,0.5354200569722635
2019-10,262.0661,0.0329348209098412,0.5048530755285899
2019-11,273.2158,0.0425453730948031,0.5209175300658877
2019-12,283.4442,0.0374370735513833,0.5383240201633388
2020-01,289.8299,0.0225289492605598,0.5285572867690066
2020-02,295.666,0.0201362937364295,0.5027489185520109
2020-03,305.5515,0.0334346864367225,0.483568665513352
2020-04,310.1243,0.0149657259087256,0.4562585566036738
2020-05,314.9087,0.0154273625123861,0.4342122821471693
2020-06,321.9738,0.0224353915912769,0.4275874911876985
2020-07,328.2014,0.0193419464565129,0.4239043098735758
2020-08,337.0632,0.0270011035906612,0.406729416458653
2020-09,346.6207,0.0283552164697895,0.3662071923005067
2020-10,359.657,0.0376096984398219,0.372390400742408
2020-11,371.0211,0.0315970494109665,0.3579781989182177
2020-12,385.8826,0.0400556733835353,0.3614058781234542
2021-01,401.5071,0.0404902941982872,0.3853198030982999
2021-02,415.8595,0.0357463168148211,0.4065178275486529
2021-03,435.8657,0.0481080749628179,0.4264884970291425
2021-04,453.6503,0.0408029353995966,0.4628015282904307
2021-05,468.725,0.0332297807363954,0.4884472864674745
2021-06,483.6049,0.0317454797589205,0.502000783914716
2021-07,498.0987,0.0299703332203624,0.5176617162510582
2021-08,510.3942,0.0246848666740147,0.5142388727099251
2021-09,528.4968,0.0354678795331138,0.524712170969593
2021-10,547.0802,0.0351627483837178,0.5211165082286735
2021-11,560.9184,0.0252946460135095,0.5118234515503297
2021-12,582.4575,0.0383997030584126,0.5094163354346631
2022-01,605.0317,0.0387568191670637,0.5069016214159103
2022-02,633.4341,0.0469436560100899,0.5231925686439769
2022-03,676.0566,0.0672879783390254,0.5510663032213822
2022-04,716.9399,0.0604731911499716,0.5803800857180078
2022-05,753.147,0.0505022805956261,0.6067992959624513
2022-06,793.0278,0.0529522125162815,0.6398258164877981
2022-07,851.761,0.0740619685715935,0.7100245393131922
2022-08,911.1316,0.0697033557535506,0.7851527309675541
2022-09,967.3076,0.0616551988757716,0.8302998239535224
2022-10,1028.706,0.0634735010869345,0.8803568471313711
2022-11,1079.2787,0.0491614708186791,0.9241278232270506
2022-12,1134.5875,0.0512460775886709,0.9479318233519186
2023-01,1202.979,0.0602787356638425,0.9882908614540364
2023-02,1282.7091,0.0662772168092709,1.025007968469017
2023-03,1381.1601,0.0767523984978355,1.042965189600989
2023-04,1497.2147,0.0840268988367096,1.088340598702904
2023-05,1613.5895,0.0777275296589059,1.1424628923702809
2023-06,1709.6115,0.0595083198050061,1.1558027347843292
2023-07,1818.0838,0.0634485086231579,1.1344999360149153
2023-08,2044.2832,0.1244163772868995,1.2436750080888426
2023-09,2304.9242,0.1274975013246695,1.382824450050842
2023-10,2496.273,0.0830173938041001,1.426614601256336
2023-11,2816.0628,0.1281069017691574,1.6092081683813455
2023-12,3533.1922,0.2546567498423684,2.114076437471768
2024-01,4261.5324,0.2061422528896106,2.542482786482557
2024-02,4825.7881,0.1324067605352477,2.7621843487350324
2024-03,5357.0929,0.1100970015654023,2.8786907470031893
2024-04,5830.2271,0.0883192076060508,2.8940487960744705
2024-05,6073.7,0.0417604487482141,2.764092416317781
2024-06,6351.7145,0.0457734988557223,2.71529701338579
2024-07,6607.7479,0.0403093369514639,2.6344572785918885
2024-08,6883.4412,0.0417227327937252,2.3671661538870934
2024-09,7122.2421,0.0346920810480664,2.09001141989832
2024-10,7313.9542,0.0269173804131146,1.9299496489366343
2024-11,7491.4314,0.0242655607550836,1.6602501194220525
2024-12,7694.0075,0.0270410405146337,1.177636274641385
2025-01,7864.1257,0.0221104801366518,0.8453750815082386
2025-02,8052.9927,0.0240162743075178,0.6687414642180415
2025-03,8353.3158,0.0372933530661216,0.5593001569937308
2025-04,8585.6078,0.0278083584485095,0.4726026366966048
2025-05,8714.4871,0.015011086343823,0.4347905066104682
2025-06,8855.5681,0.0161892488199333,0.3942012192141193
2025-07,9023.973,0.0190168375533128,0.3656654485864994
2025-08,9193.2441,0.0187579351135027,0.3355593275061316
2025-09,9384.0922,0.0207596032395136,0.3175755707602243
2025-10,9603.8623,0.0234194310239195,0.3130875634960908
2025-11,9841.3581,0.0247291967107856,0.3136819353374842
2025-12,10121.3715,0.0284527193457171,0.3154876051264571
2026-01,10413.0309,0.0288161935366171,0.3241180643895354
2026-02,10714.6255,0.0289631907267269,0.3305147414327099
2026-03,11077.0608,0.0338262219244152,0.3260675239884979
2026-04,11363.0904,0.0258217956156745,0.3235044815347842
2026-05,11607.3937,0.0214997233499085,0.331965216862849
2026-06,11826.4103,0.0188687146882937,0.3354773139850845
2026-07,12076.3937,0.0211377242678618,0.3382568520539679
2026-08,12276.766,0.0165920642352028,0.3354117291414028
