mes,pet_total_m3,pet_total_kbbl_d,pet_shale_m3,gas_total_miles_m3,gas_total_mmm3_d,vm_pet_m3,vm_gas_miles_m3,vm_pet_kbbl_d,vm_gas_mmm3_d,vm_share_pet_pct,vm_share_gas_pct
2006-01,3019656.727,612.68,209.341,4229240.223,136.427,209.341,16.384,0.042,0.001,0.007,0.0
2006-02,2756375.612,619.182,241.187,3913341.97,139.762,241.187,13.954,0.054,0.0,0.009,0.0
2006-03,3188157.93,646.868,264.128,4292752.272,138.476,264.128,18.104,0.054,0.001,0.008,0.0
2006-04,3107771.471,651.576,289.068,4203039.233,140.101,289.068,19.627,0.061,0.001,0.009,0.0
2006-05,3247901.247,658.99,300.104,4454242.921,143.685,300.104,19.016,0.061,0.001,0.009,0.0
2006-06,2968440.122,622.364,295.488,4384199.743,146.14,295.488,17.952,0.062,0.001,0.01,0.0
2006-07,3248207.59,659.052,262.463,4545765.856,146.638,215.713,17.913,0.044,0.001,0.007,0.0
2006-08,3237361.958,656.851,320.601,4592884.061,148.158,265.161,18.413,0.054,0.001,0.008,0.0
2006-09,3177948.657,666.29,344.621,4409523.451,146.984,293.851,21.504,0.062,0.001,0.009,0.0
2006-10,3272967.683,664.076,369.841,4418424.613,142.53,335.671,20.075,0.068,0.001,0.01,0.0
2006-11,2914664.738,611.09,298.762,4166797.093,138.893,252.222,17.126,0.053,0.001,0.009,0.0
2006-12,3175061.836,644.211,385.716,4287411.637,138.304,336.996,18.314,0.068,0.001,0.011,0.0
2007-01,3122818.735,633.611,333.184,4201005.2,135.516,299.064,16.395,0.061,0.001,0.01,0.0
2007-02,2845194.427,639.133,287.778,3776951.655,134.891,257.898,15.839,0.058,0.001,0.009,0.0
2007-03,3163972.319,641.961,268.44,4281885.47,138.125,239.63,16.993,0.049,0.001,0.008,0.0
2007-04,3084472.314,646.692,309.35,4269932.965,142.331,280.68,15.148,0.059,0.001,0.009,0.0
2007-05,3162869.247,641.737,229.867,4480202.918,144.523,229.867,14.237,0.047,0.0,0.007,0.0
2007-06,3027580.089,634.764,263.756,4321959.787,144.065,263.756,14.381,0.055,0.0,0.009,0.0
2007-07,3016612.473,612.062,2548.702,4488110.256,144.778,2542.822,263.076,0.516,0.008,0.084,0.006
2007-08,3121961.625,633.437,621.118,4453275.529,143.654,620.408,191.152,0.126,0.006,0.02,0.004
2007-09,3048895.819,639.233,1377.722,4326920.743,144.231,1377.722,168.927,0.289,0.006,0.045,0.004
2007-10,3138153.925,636.722,818.407,4229824.515,136.446,818.407,130.084,0.166,0.004,0.026,0.003
2007-11,2859937.842,599.616,413.373,4004530.236,133.484,413.373,94.564,0.087,0.003,0.014,0.002
2007-12,3103274.031,629.645,360.42,4266817.819,137.639,360.42,84.155,0.073,0.003,0.012,0.002
2008-01,3086794.958,626.302,340.216,4166262.23,134.396,340.216,59.463,0.069,0.002,0.011,0.001
2008-02,2909169.984,630.97,346.543,3950630.503,136.229,346.543,73.486,0.075,0.003,0.012,0.002
2008-03,3132913.471,635.659,392.484,4285581.448,138.245,392.484,83.774,0.08,0.003,0.013,0.002
2008-04,3010253.131,631.131,195.805,4136011.487,137.867,195.805,5.676,0.041,0.0,0.007,0.0
2008-05,2500620.628,507.369,117.403,4147175.838,133.78,117.403,16.678,0.024,0.001,0.005,0.0
2008-06,2813010.943,589.777,586.689,4251803.475,141.727,586.689,116.097,0.123,0.004,0.021,0.003
2008-07,3088078.718,626.562,745.029,4462664.928,143.957,735.899,166.221,0.149,0.005,0.024,0.004
2008-08,3132406.097,635.556,878.015,4476234.983,144.395,777.625,206.973,0.158,0.007,0.025,0.005
2008-09,3034042.281,636.118,743.847,4288261.444,142.942,650.387,144.787,0.136,0.005,0.021,0.003
2008-10,3127753.959,634.612,1169.375,4281733.605,138.12,1073.505,178.373,0.218,0.006,0.034,0.004
2008-11,3037565.296,636.857,1191.388,4064796.217,135.493,1100.418,173.603,0.231,0.006,0.036,0.004
2008-12,3031326.627,615.048,1054.781,4111012.647,132.613,950.741,167.767,0.193,0.005,0.031,0.004
2009-01,3067383.624,622.363,1117.809,4067927.278,131.224,1008.529,172.539,0.205,0.006,0.033,0.004
2009-02,2830663.091,635.869,978.129,3720184.376,132.864,921.189,170.346,0.207,0.006,0.033,0.005
2009-03,3112378.06,631.493,891.355,4196517.124,135.372,828.105,142.128,0.168,0.005,0.027,0.003
2009-04,2996374.144,628.221,790.847,4064906.538,135.497,729.247,157.243,0.153,0.005,0.024,0.004
2009-05,3071195.521,623.137,814.371,4196614.783,135.375,763.181,163.053,0.155,0.005,0.025,0.004
2009-06,2901372.624,608.303,793.188,4167758.767,138.925,744.288,178.837,0.156,0.006,0.026,0.004
2009-07,2998595.83,608.406,663.073,4284299.803,138.203,613.583,171.571,0.124,0.006,0.02,0.004
2009-08,2637423.971,535.126,748.035,4017123.333,129.585,698.555,206.244,0.142,0.007,0.026,0.005
2009-09,2908583.424,609.815,728.358,3994434.688,133.148,675.118,222.574,0.142,0.007,0.023,0.006
2009-10,3052346.149,619.312,817.562,4116829.636,132.801,768.052,223.131,0.156,0.007,0.025,0.005
2009-11,2854588.785,598.494,704.706,3729926.374,124.331,639.506,177.886,0.134,0.006,0.022,0.005
2009-12,2950441.651,598.636,729.871,3864090.31,124.648,641.361,130.927,0.13,0.004,0.022,0.003
2010-01,3000073.539,608.706,745.682,3884058.535,125.292,663.572,126.991,0.135,0.004,0.022,0.003
2010-02,2706846.323,608.055,666.045,3623780.486,129.421,589.515,138.356,0.132,0.005,0.022,0.004
2010-03,3005183.274,609.743,773.279,3943165.107,127.199,686.429,171.226,0.139,0.006,0.023,0.004
2010-04,2904155.822,608.886,713.027,3814666.924,127.156,673.917,181.731,0.141,0.006,0.023,0.005
2010-05,2989860.989,606.634,679.24,4107189.57,132.49,635.2,168.021,0.129,0.005,0.021,0.004
2010-06,2908346.121,609.765,623.002,4002850.552,133.428,574.132,165.938,0.12,0.006,0.02,0.004
2010-07,2989458.725,606.553,850.175,4160613.6,134.213,797.725,447.865,0.162,0.014,0.027,0.011
2010-08,2994596.496,607.595,1775.156,4152407.169,133.949,1364.496,543.704,0.277,0.018,0.046,0.013
2010-09,2854082.228,598.388,1984.768,3938803.93,131.294,1295.878,522.762,0.272,0.017,0.045,0.013
2010-10,2916417.791,591.733,1648.23,3963169.326,127.844,1221.29,542.384,0.248,0.017,0.042,0.014
2010-11,2827552.698,592.826,1912.855,3712026.802,123.734,1507.995,548.744,0.316,0.018,0.053,0.015
2010-12,2486940.9,504.593,2012.636,3807124.357,122.81,1661.896,428.516,0.337,0.014,0.067,0.011
2011-01,2884393.677,585.235,1605.977,3816960.717,123.128,1454.687,447.514,0.295,0.014,0.05,0.012
2011-02,2622267.619,589.056,1732.357,3457004.464,123.464,1641.077,327.427,0.369,0.012,0.063,0.009
2011-03,2887713.593,585.909,2314.954,3768128.023,121.552,2253.524,420.781,0.457,0.014,0.078,0.011
2011-04,2337923.164,490.17,2366.208,3612726.723,120.424,2354.918,481.01,0.494,0.016,0.101,0.013
2011-05,2526761.227,512.673,2851.121,3874482.845,124.983,2851.121,784.808,0.578,0.025,0.113,0.02
2011-06,2481120.609,520.193,2584.524,3817521.733,127.251,2584.524,872.089,0.542,0.029,0.104,0.023
2011-07,2694064.315,546.618,2621.127,3921513.31,126.5,2621.127,811.159,0.532,0.026,0.097,0.021
2011-08,2844339.613,577.108,6896.188,3959774.906,127.735,6636.588,3070.904,1.347,0.099,0.233,0.078
2011-09,2771167.091,581.004,9823.081,3818044.77,127.268,9815.231,5193.439,2.058,0.173,0.354,0.136
2011-10,2878158.342,583.97,11570.535,3921321.751,126.494,8666.665,4962.993,1.758,0.16,0.301,0.127
2011-11,2775492.506,581.911,9659.519,3742397.975,124.747,9659.519,3769.137,2.025,0.126,0.348,0.101
2011-12,2835307.772,575.276,9809.319,3817717.432,123.152,9809.319,3836.992,1.99,0.124,0.346,0.101
2012-01,2774467.329,562.932,10523.065,3814098.504,123.035,10523.065,4538.968,2.135,0.146,0.379,0.119
2012-02,2596203.783,563.091,10844.405,3466250.52,119.526,10844.405,5045.536,2.352,0.174,0.418,0.146
2012-03,2786260.217,565.324,12377.708,3752608.35,121.052,12377.708,5607.791,2.511,0.181,0.444,0.149
2012-04,2665222.564,558.792,11898.936,3673306.605,122.444,11898.936,5770.064,2.495,0.192,0.446,0.157
2012-05,2777688.442,563.585,14079.975,3796380.923,122.464,14079.975,6230.441,2.857,0.201,0.507,0.164
2012-06,2564194.676,537.61,14153.875,3648604.151,121.62,14153.875,8302.024,2.968,0.277,0.552,0.228
2012-07,2678505.604,543.461,14024.58,3764955.09,121.45,14024.58,7325.539,2.846,0.236,0.524,0.195
2012-08,2786829.771,565.44,15576.335,3764324.242,121.43,15576.335,6817.811,3.16,0.22,0.559,0.181
2012-09,2697320.765,565.521,16118.778,3637909.842,121.264,16118.777,7240.47,3.379,0.241,0.598,0.199
2012-10,2758830.363,559.759,16410.208,3712068.308,119.744,16410.208,7731.546,3.33,0.249,0.595,0.208
2012-11,2571972.269,539.241,13431.107,3515924.823,117.198,13050.377,6960.381,2.736,0.232,0.507,0.198
2012-12,2718352.568,551.546,14953.756,3576980.762,115.386,14701.446,6672.125,2.983,0.215,0.541,0.187
2013-01,2662114.591,540.135,17427.593,3553752.974,114.637,17178.453,8178.572,3.485,0.264,0.645,0.23
2013-02,2406939.15,540.685,16987.162,3227572.632,115.27,16852.562,8351.399,3.786,0.298,0.7,0.259
2013-03,2674720.508,542.693,19978.555,3459746.884,111.605,19902.625,15077.55,4.038,0.486,0.744,0.436
2013-04,2569344.673,538.69,23158.795,3375431.257,112.514,23045.805,14979.664,4.832,0.499,0.897,0.444
2013-05,2700888.082,548.002,26207.934,3547863.794,114.447,26078.204,15318.56,5.291,0.494,0.966,0.432
2013-06,2603988.194,545.953,27759.962,3451278.54,115.043,27588.471,13139.339,5.784,0.438,1.059,0.381
2013-07,2720644.02,552.011,35053.827,3548436.771,114.466,34904.177,16084.424,7.082,0.519,1.283,0.453
2013-08,2709771.324,549.805,36881.221,3573393.58,115.271,36749.931,18994.409,7.456,0.613,1.356,0.532
2013-09,2639572.674,553.414,36141.239,3461458.77,115.382,36098.069,18200.363,7.568,0.607,1.368,0.526
2013-10,2733822.399,554.685,44965.507,3551820.803,114.575,44956.517,19145.406,9.122,0.618,1.644,0.539
2013-11,2629478.018,551.297,49897.524,3440693.847,114.69,49878.694,20102.545,10.458,0.67,1.897,0.584
2013-12,2703688.316,548.571,59473.783,3516884.306,113.448,59400.923,22078.734,12.052,0.712,2.197,0.628
2014-01,2696714.616,547.156,57445.254,3540196.886,114.2,57365.794,23385.74,11.639,0.754,2.127,0.661
2014-02,2434833.096,546.951,54790.386,3191664.517,113.988,54686.936,22490.53,12.285,0.803,2.246,0.705
2014-03,2673936.822,542.534,59484.958,3477941.08,112.192,59335.728,24114.395,12.039,0.778,2.219,0.693
2014-04,2486831.432,521.39,61058.545,3256041.456,108.535,61011.185,30773.132,12.792,1.026,2.453,0.945
2014-05,2639179.482,535.482,68714.172,3543986.535,114.322,68316.252,38195.555,13.861,1.232,2.589,1.078
2014-06,2561795.168,537.107,76118.825,3434195.795,114.473,75842.255,38101.771,15.901,1.27,2.961,1.109
2014-07,2621448.485,531.884,81631.438,3574370.843,115.302,81438.238,43773.843,16.524,1.412,3.107,1.225
2014-08,2640751.829,535.801,96969.961,3558880.623,114.803,95259.751,49047.392,19.328,1.582,3.607,1.378
2014-09,2607575.619,546.705,100923.063,3457725.743,115.258,100235.633,54811.101,21.015,1.827,3.844,1.585
2014-10,2692240.081,546.248,102672.954,3483535.852,112.372,102187.514,61409.0,20.734,1.981,3.796,1.763
2014-11,2581200.681,541.176,102301.177,3419441.512,113.981,101049.147,63695.768,21.186,2.123,3.915,1.863
2014-12,2673390.415,542.423,104579.265,3549082.3,114.486,103364.225,75545.819,20.972,2.437,3.866,2.129
2015-01,2669056.328,541.544,101982.129,3595411.768,115.981,100911.879,83263.319,20.475,2.686,3.781,2.316
2015-02,2394065.443,537.794,93760.236,3229384.815,115.335,92929.476,75284.79,20.875,2.689,3.882,2.331
2015-03,2663061.636,540.328,106254.165,3612215.207,116.523,104215.645,80870.557,21.145,2.609,3.913,2.239
2015-04,2583881.378,541.738,106797.506,3515652.471,117.188,102245.236,79713.628,21.437,2.657,3.957,2.267
2015-05,2680347.84,543.835,112405.681,3669759.31,118.379,107360.681,85114.844,21.783,2.746,4.005,2.319
2015-06,2582153.662,541.375,105307.742,3540088.795,118.003,100979.08,90458.027,21.171,3.015,3.911,2.555
2015-07,2661877.765,540.087,110574.391,3637092.833,117.326,106704.081,110917.796,21.65,3.578,4.009,3.05
2015-08,2648187.669,537.31,111644.686,3715738.594,119.862,108247.316,111076.631,21.963,3.583,4.088,2.989
2015-09,2565282.985,537.838,113823.982,3535013.954,117.834,110497.132,105678.715,23.167,3.523,4.307,2.989
2015-10,2678817.007,543.524,127854.696,3708454.394,119.628,122453.496,113533.902,24.845,3.662,4.571,3.061
2015-11,2578476.917,540.604,112314.971,3556911.49,118.564,108026.491,101686.91,22.649,3.39,4.19,2.859
2015-12,2665029.085,540.727,124635.321,3587276.759,115.719,120803.221,106093.422,24.511,3.422,4.533,2.957
2016-01,2629890.019,533.597,124133.585,3711353.075,119.721,121387.035,109989.318,24.629,3.548,4.616,2.964
2016-02,2427700.593,526.544,110835.129,3483502.568,120.121,108189.421,100050.61,23.465,3.45,4.456,2.872
2016-03,2614270.21,530.428,122987.127,3782028.796,122.001,120631.187,130062.768,24.476,4.196,4.614,3.439
2016-04,2524373.289,529.261,128165.157,3687578.988,122.919,126240.407,114358.85,26.468,3.812,5.001,3.101
2016-05,2491614.229,505.541,133222.742,3852549.941,124.276,131366.951,133451.677,26.654,4.305,5.272,3.464
2016-06,2427450.228,508.94,139223.205,3721524.814,124.051,137161.122,124806.767,28.757,4.16,5.65,3.354
2016-07,2562331.048,519.89,151099.918,3894415.666,125.626,149248.958,135807.076,30.282,4.381,5.825,3.487
2016-08,2551855.078,517.764,158731.456,3870650.357,124.86,157126.406,141590.965,31.88,4.567,6.157,3.658
2016-09,2485755.724,521.164,158593.962,3719851.879,123.995,157153.512,134656.506,32.949,4.489,6.322,3.62
2016-10,2555864.755,518.578,167383.623,3863078.661,124.615,166098.103,155039.822,33.701,5.001,6.499,4.013
2016-11,2429493.556,509.368,160368.116,3637056.073,121.235,159119.786,146612.829,33.361,4.887,6.55,4.031
2016-12,2474788.202,502.127,178694.036,3764330.664,121.43,177351.446,153017.19,35.984,4.936,7.166,4.065
2017-01,2490843.045,505.385,179665.671,3815996.898,123.097,178453.631,157815.654,36.208,5.091,7.164,4.136
2017-02,2198417.459,493.844,154456.705,3273889.244,116.925,153600.045,143439.742,34.504,5.123,6.987,4.381
2017-03,2437312.903,494.524,171583.512,3788823.297,122.22,170560.892,172119.015,34.606,5.552,6.998,4.543
2017-04,2206271.269,462.568,166716.66,3698604.147,123.287,165775.65,171322.999,34.757,5.711,7.514,4.632
2017-05,2355742.945,477.974,182107.85,3785410.763,122.11,181025.85,182871.214,36.73,5.899,7.684,4.831
2017-06,2241506.312,469.955,179401.526,3668775.516,122.292,178424.236,178525.504,37.408,5.951,7.96,4.866
2017-07,2374665.962,481.813,188557.388,3825200.136,123.394,187626.658,190018.201,38.069,6.13,7.901,4.968
2017-08,2401437.975,487.245,185036.546,3838502.178,123.823,184051.886,190499.258,37.344,6.145,7.664,4.963
2017-09,2353424.41,493.42,182965.57,3727261.191,124.242,181908.46,189545.85,38.139,6.318,7.73,5.085
2017-10,2457059.727,498.53,193798.506,3847171.183,124.102,192714.856,225152.94,39.101,7.263,7.843,5.852
2017-11,2373917.87,497.716,194553.071,3556408.646,118.547,193586.521,225408.647,40.587,7.514,8.155,6.338
2017-12,2440253.185,495.12,198468.537,3794734.103,122.411,197528.347,256436.736,40.078,8.272,8.095,6.758
2018-01,2413329.929,489.658,205422.674,3845395.715,124.045,204533.954,283426.24,41.499,9.143,8.475,7.371
2018-02,2187848.43,491.47,206639.893,3495493.43,124.839,205802.063,322767.784,46.231,11.527,9.407,9.234
2018-03,2445704.172,496.226,239557.975,3901910.461,125.868,238572.645,399969.172,48.406,12.902,9.755,10.251
2018-04,2360067.976,494.813,237846.817,3877470.284,129.249,236980.347,414055.168,49.685,13.802,10.041,10.678
2018-05,2430588.98,493.16,253384.707,3945485.48,127.274,252479.447,480637.07,51.227,15.504,10.388,12.182
2018-06,2350195.49,492.743,251250.78,3966887.691,132.23,250359.62,524000.067,52.49,17.467,10.653,13.209
2018-07,2422585.426,491.536,265368.219,4096363.77,132.141,264583.379,555409.773,53.683,17.916,10.922,13.559
2018-08,2467475.571,500.644,301025.724,4147977.153,133.806,300018.924,632826.823,60.873,20.414,12.159,15.256
2018-09,2423370.497,508.085,311558.72,3954011.522,131.8,310668.355,675922.978,65.135,22.531,12.82,17.095
2018-10,2506367.261,508.535,332354.125,4103313.849,132.365,329282.385,772529.792,66.81,24.92,13.138,18.827
2018-11,2415992.485,506.538,342716.072,3696890.702,123.23,340921.77,800167.008,71.478,26.672,14.111,21.644
2018-12,2509227.123,509.115,366253.726,3990367.381,128.721,365180.713,855509.473,74.094,27.597,14.554,21.439
2019-01,2520454.519,511.393,383756.523,4000200.077,129.039,382372.627,890746.999,77.582,28.734,15.171,22.268
2019-02,2281004.652,512.396,345076.408,3770586.334,134.664,342614.728,869444.106,76.964,31.052,15.02,23.059
2019-03,2530991.657,513.531,376599.405,4014110.573,129.487,357176.557,902045.495,72.47,29.098,14.112,22.472
2019-04,2472467.013,518.378,391369.304,3948838.29,131.628,390357.176,861847.687,81.842,28.728,15.788,21.825
2019-05,2542564.337,515.879,415558.546,4245784.352,136.961,414598.063,930247.35,84.121,30.008,16.306,21.91
2019-06,2421996.081,507.797,391262.305,4199866.064,139.996,389762.282,979804.149,81.718,32.66,16.093,23.329
2019-07,2540003.569,515.359,429361.589,4476980.707,144.419,426689.217,1079714.243,86.574,34.829,16.799,24.117
2019-08,2610280.379,529.618,498089.129,4477110.168,144.423,495719.969,1103119.389,100.58,35.584,18.991,24.639
2019-09,2517536.512,527.828,486492.802,4138301.557,137.943,484474.273,1018791.145,101.575,33.96,19.244,24.619
2019-10,2586156.174,524.724,502829.804,4336931.544,139.901,501156.067,1091476.772,101.683,35.209,19.378,25.167
2019-11,2501239.958,524.411,499032.543,3809542.839,126.985,497504.636,852125.63,104.307,28.404,19.89,22.368
2019-12,2601919.301,527.922,547275.143,3932837.783,126.866,545882.717,916711.756,110.758,29.571,20.98,23.309
2020-01,2583352.031,524.155,552839.214,4037202.253,130.232,551824.101,1005441.602,111.964,32.434,21.361,24.904
2020-02,2429461.926,526.926,546540.991,3703770.461,127.716,545278.072,939861.46,118.265,32.409,22.444,25.376
2020-03,2606018.881,528.754,606183.922,3925264.127,126.621,605009.729,956094.312,122.755,30.842,23.216,24.357
2020-04,2241011.392,469.851,437917.839,3502211.748,116.74,436739.805,820501.051,91.567,27.35,19.489,23.428
2020-05,2252371.172,457.0,460358.677,3858610.254,124.471,459116.335,908983.928,93.153,29.322,20.384,23.557
2020-06,2302060.999,482.651,557135.318,3780658.415,126.022,555924.068,944723.347,116.555,31.491,24.149,24.988
2020-07,2362662.617,479.378,576765.002,3931669.523,126.828,575670.882,996653.787,116.802,32.15,24.365,25.349
2020-08,2376079.732,482.1,579687.077,3895558.872,125.663,578442.504,996796.449,117.364,32.155,24.344,25.588
2020-09,2291058.2,480.344,530904.506,3685327.051,122.844,529818.637,892270.086,111.082,29.742,23.125,24.211
2020-10,2383061.538,483.516,569592.323,3778039.753,121.872,568748.313,928020.978,115.397,29.936,23.866,24.564
2020-11,2306893.655,483.664,566070.588,3471571.816,115.719,565181.365,779453.721,118.496,25.982,24.5,22.452
2020-12,2411566.651,489.3,611560.283,3529778.458,113.864,610768.721,781556.275,123.923,25.211,25.327,22.142
2021-01,2446904.226,496.47,656474.083,3596174.807,116.006,655853.143,829899.299,133.071,26.771,26.803,23.077
2021-02,2237141.067,502.543,613069.763,3208074.309,114.574,612130.936,741648.62,137.507,26.487,27.362,23.118
2021-03,2494957.584,506.22,711952.754,3549947.412,114.514,711168.638,857746.454,144.294,27.669,28.504,24.162
2021-04,2440291.049,511.632,702948.995,3426856.002,114.228,702400.401,784991.571,147.266,26.166,28.783,22.907
2021-05,2526914.425,512.704,728002.083,3759604.281,121.278,727287.319,998781.47,147.564,32.219,28.782,26.566
2021-06,2443242.39,512.251,725319.519,3810692.188,127.023,724627.738,1152726.437,151.926,38.424,29.658,30.25
2021-07,2572912.897,522.037,795797.577,4052611.611,130.729,795089.854,1284355.837,161.321,41.431,30.902,31.692
2021-08,2557076.382,518.823,778390.308,4145491.414,133.726,778010.266,1371000.594,157.856,44.226,30.426,33.072
2021-09,2544703.183,533.523,830257.284,3980185.908,132.673,829933.311,1323660.934,174.004,44.122,32.614,33.256
2021-10,2678882.503,543.538,937886.968,3944138.166,127.23,937541.532,1309533.935,190.224,42.243,34.997,33.202
2021-11,2659635.183,557.62,944931.378,3836347.164,127.878,944512.071,1310385.848,198.027,43.68,35.513,34.157
2021-12,2759807.545,559.957,1018154.111,3994731.035,128.862,1017860.132,1349150.725,206.521,43.521,36.882,33.773
2022-01,2810042.831,570.15,1072307.113,4028544.181,129.953,1071812.651,1408627.174,217.468,45.44,38.142,34.966
2022-02,2533628.291,569.144,963902.23,3565161.957,127.327,963493.976,1202694.674,216.436,42.953,38.028,33.735
2022-03,2818286.938,571.822,1093225.467,3889775.332,125.477,1092787.041,1425403.251,221.723,45.981,38.775,36.645
2022-04,2759181.343,578.491,1092057.504,3821227.189,127.374,1091368.67,1344838.984,228.817,44.828,39.554,35.194
2022-05,2886821.326,585.728,1156551.914,4217944.586,136.063,1155960.355,1608718.72,234.541,51.894,40.043,38.14
2022-06,2780718.528,583.006,1109880.354,4185129.46,139.504,1109321.821,1600845.406,232.581,53.362,39.893,38.251
2022-07,2898611.094,588.12,1186187.575,4345850.13,140.189,1185727.582,1707380.533,240.581,55.077,40.907,39.288
2022-08,2920309.53,592.522,1205609.131,4386353.556,141.495,1205758.598,1741359.654,244.645,56.173,41.289,39.699
2022-09,2878104.472,603.424,1231823.628,4082376.334,136.079,1231877.726,1635180.766,258.276,54.506,42.802,40.055
2022-10,3051326.367,619.105,1327142.32,4112656.839,132.666,1327097.353,1590837.964,269.264,51.317,43.492,38.682
2022-11,2946745.155,617.816,1289501.987,3795389.178,126.513,1289097.43,1394245.376,270.273,46.475,43.746,36.735
2022-12,3067898.737,622.468,1363488.964,3991324.938,128.752,1363275.552,1544428.797,276.605,49.82,44.437,38.695
2023-01,3088294.997,626.606,1402536.296,3993062.706,128.809,1402581.252,1571998.318,284.58,50.71,45.416,39.368
2023-02,2839193.083,637.785,1303783.191,3637194.396,129.9,1303678.321,1465473.852,292.853,52.338,45.917,40.291
2023-03,3163174.407,641.799,1481231.098,3993956.29,128.837,1480730.968,1629582.321,300.436,52.567,46.812,40.801
2023-04,3044304.472,638.27,1409198.846,3863129.61,128.771,1409147.681,1559339.241,295.442,51.978,46.288,40.365
2023-05,3138939.716,636.882,1458716.735,4183843.59,134.963,1458757.931,1795783.85,295.978,57.929,46.473,42.922
2023-06,3003449.78,629.704,1385187.595,4146160.011,138.205,1385024.615,1868533.42,290.385,62.284,46.114,45.067
2023-07,3084124.397,625.76,1432998.946,4282758.642,138.154,1432784.628,2011241.127,290.708,64.879,46.457,46.961
2023-08,3109469.152,630.902,1463784.618,4476588.542,144.406,1463153.12,2124189.102,296.87,68.522,47.055,47.451
2023-09,3079170.788,645.58,1454703.598,4296508.494,143.217,1453753.279,2022363.241,304.794,67.412,47.212,47.07
2023-10,3262881.895,662.029,1593825.244,3905065.217,125.97,1592939.701,1769251.58,323.203,57.073,48.82,45.307
2023-11,3220079.867,675.123,1619012.881,3789588.641,126.32,1618184.013,1766549.186,339.269,58.885,50.253,46.616
2023-12,3384400.983,686.685,1734253.383,3538736.175,114.153,1733525.478,1587120.754,351.727,51.197,51.221,44.85
2024-01,3349884.866,679.682,1702433.689,3837941.85,123.805,1701895.192,1745850.609,345.31,56.318,50.805,45.489
2024-02,3137887.297,680.576,1626509.006,3887661.261,134.057,1625860.372,1783843.295,352.633,61.512,51.814,45.885
2024-03,3393643.922,688.561,1776234.406,4174409.1,134.658,1775568.294,1942705.346,360.258,62.668,52.32,46.538
2024-04,3297542.452,691.364,1732269.03,4084730.374,136.158,1731248.164,1929995.352,362.974,64.333,52.501,47.249
2024-05,3416292.712,693.156,1806525.379,4654371.423,150.141,1804133.631,2404243.394,366.053,77.556,52.81,51.656
2024-06,3197320.754,670.351,1781851.298,4426739.146,147.558,1779339.273,2339282.681,373.057,77.976,55.651,52.844
2024-07,3374991.121,684.776,1904026.933,4709073.595,151.906,1901613.893,2567674.633,385.832,82.828,56.344,54.526
2024-08,3544987.095,719.268,1985194.821,4744011.156,153.033,1982777.168,2598859.318,402.3,83.834,55.932,54.782
2024-09,3534815.13,741.111,1997992.869,4416565.95,147.219,1837929.43,2343891.886,385.341,78.13,51.995,53.07
2024-10,3665511.108,743.722,2078863.618,4128082.15,133.164,2076828.45,2004564.444,421.382,64.663,56.659,48.559
2024-11,3621940.767,759.377,2087190.314,3815327.401,127.178,2085295.47,1859504.11,437.204,61.983,57.574,48.738
2024-12,3775322.242,766.002,2206329.906,3859003.393,124.484,2205011.914,1902646.679,447.391,61.376,58.406,49.304
2025-01,3732079.317,757.228,2181196.725,4294232.37,138.524,2179998.802,2126849.716,442.315,68.608,58.412,49.528
2025-02,3360431.997,754.874,1973522.262,4054487.612,144.803,1972456.521,2077874.752,443.085,74.21,58.697,51.249
2025-03,3735778.926,757.979,2200307.697,4147941.938,133.805,2199084.281,2065144.091,446.188,66.618,58.865,49.787
2025-04,3582628.379,751.135,2107442.145,4101630.806,136.721,2105994.158,2073959.046,441.543,69.132,58.783,50.564
2025-05,3724383.86,755.667,2207980.136,4578097.771,147.681,2207064.169,2466458.979,447.807,79.563,59.26,53.875
2025-06,3727589.767,781.528,2272127.51,4780539.058,159.351,2270949.525,2657483.82,476.128,88.583,60.923,55.59
2025-07,3997267.194,811.034,2507891.278,4983612.831,160.762,2506760.804,2825146.473,508.614,91.134,62.712,56.689
2025-08,4069451.299,825.68,2596211.624,4901068.708,158.099,2595176.457,2792681.153,526.554,90.086,63.772,56.981
2025-09,4022427.189,843.344,2608852.725,4159378.78,138.646,2607802.413,2259409.612,546.753,75.314,64.832,54.321
2025-10,4240464.804,860.378,2801960.492,3843237.183,123.975,2800987.739,2010321.098,568.312,64.849,66.054,52.308
2025-11,4098679.61,859.331,2751836.844,3666457.252,122.215,2750778.883,1922216.784,576.729,64.074,67.114,52.427
2025-12,4331926.446,878.935,2910775.739,4084001.8,131.742,2909815.325,2252340.006,590.393,72.656,67.171,55.15
2026-01,4360369.967,884.706,2955323.506,4081941.926,131.676,2954410.648,2256987.639,599.441,72.806,67.756,55.292
2026-02,3899066.01,875.871,2630853.174,3923678.533,140.131,2630008.7,2190035.071,590.795,78.216,67.452,55.816
2026-03,4334973.641,879.554,2945974.345,4396838.061,141.834,2945239.974,2560203.835,597.581,82.587,67.941,58.228
2026-04,4270948.659,895.449,2938763.136,4218861.148,140.629,2938290.433,2483174.043,616.043,82.772,68.797,58.859
2026-05,4455370.682,903.982,3069372.294,4855627.052,156.633,3068706.01,2958846.255,622.632,95.447,68.877,60.936
2026-06,4353134.116,912.68,3022650.988,4795657.482,159.855,3021594.476,2929734.412,633.509,97.658,69.412,61.091
2026-07,4512561.897,915.586,3175041.761,4899707.373,158.055,3169661.24,2991254.035,643.115,96.492,70.241,61.05
2026-08,4574551.37,928.163,3309792.635,4743830.507,153.027,3301191.718,2955972.543,669.802,95.354,72.164,62.312
