indicador,pais,anio,estimacion
Control of Corruption,ARG,1996,-0.228125
Control of Corruption,ARG,1998,-0.421924
Control of Corruption,ARG,2000,-0.306653
Control of Corruption,ARG,2002,-0.564971
Control of Corruption,ARG,2003,-0.549926
Control of Corruption,ARG,2004,-0.405956
Control of Corruption,ARG,2005,-0.389621
Control of Corruption,ARG,2006,-0.320894
Control of Corruption,ARG,2007,-0.415196
Control of Corruption,ARG,2008,-0.412571
Control of Corruption,ARG,2009,-0.39435
Control of Corruption,ARG,2010,-0.3648
Control of Corruption,ARG,2011,-0.336182
Control of Corruption,ARG,2012,-0.536302
Control of Corruption,ARG,2013,-0.538243
Control of Corruption,ARG,2014,-0.664061
Control of Corruption,ARG,2015,-0.642306
Control of Corruption,ARG,2016,-0.219823
Control of Corruption,ARG,2017,-0.176864
Control of Corruption,ARG,2018,-0.00947
Control of Corruption,ARG,2019,-0.082492
Control of Corruption,ARG,2020,-0.136306
Control of Corruption,ARG,2021,-0.324797
Control of Corruption,ARG,2022,-0.339272
Control of Corruption,ARG,2023,-0.336046
Control of Corruption,ARG,2024,-0.325071
Control of Corruption,ARG,2025,-0.386063
Control of Corruption,CAN,1996,2.180425
Control of Corruption,CAN,1998,2.184027
Control of Corruption,CAN,2000,2.064935
Control of Corruption,CAN,2002,1.892546
Control of Corruption,CAN,2003,1.962998
Control of Corruption,CAN,2004,1.722904
Control of Corruption,CAN,2005,1.918248
Control of Corruption,CAN,2006,1.97708
Control of Corruption,CAN,2007,1.927593
Control of Corruption,CAN,2008,1.944738
Control of Corruption,CAN,2009,1.969541
Control of Corruption,CAN,2010,1.943421
Control of Corruption,CAN,2011,1.890154
Control of Corruption,CAN,2012,1.840661
Control of Corruption,CAN,2013,1.83013
Control of Corruption,CAN,2014,1.819589
Control of Corruption,CAN,2015,1.869242
Control of Corruption,CAN,2016,1.903018
Control of Corruption,CAN,2017,1.883468
Control of Corruption,CAN,2018,1.808226
Control of Corruption,CAN,2019,1.796412
Control of Corruption,CAN,2020,1.644107
Control of Corruption,CAN,2021,1.618641
Control of Corruption,CAN,2022,1.652805
Control of Corruption,CAN,2023,1.630459
Control of Corruption,CAN,2024,1.637526
Control of Corruption,CAN,2025,1.594896
Control of Corruption,CHL,1996,1.58943
Control of Corruption,CHL,1998,1.373538
Control of Corruption,CHL,2000,1.536967
Control of Corruption,CHL,2002,1.552117
Control of Corruption,CHL,2003,1.174528
Control of Corruption,CHL,2004,1.265543
Control of Corruption,CHL,2005,1.503002
Control of Corruption,CHL,2006,1.471555
Control of Corruption,CHL,2007,1.395955
Control of Corruption,CHL,2008,1.39774
Control of Corruption,CHL,2009,1.423235
Control of Corruption,CHL,2010,1.510237
Control of Corruption,CHL,2011,1.544795
Control of Corruption,CHL,2012,1.479868
Control of Corruption,CHL,2013,1.431252
Control of Corruption,CHL,2014,1.385996
Control of Corruption,CHL,2015,1.145871
Control of Corruption,CHL,2016,1.128875
Control of Corruption,CHL,2017,1.113771
Control of Corruption,CHL,2018,1.101981
Control of Corruption,CHL,2019,1.157982
Control of Corruption,CHL,2020,1.217371
Control of Corruption,CHL,2021,1.148412
Control of Corruption,CHL,2022,1.146827
Control of Corruption,CHL,2023,1.057023
Control of Corruption,CHL,2024,1.142521
Control of Corruption,CHL,2025,1.099287
Control of Corruption,NZL,1996,2.341277
Control of Corruption,NZL,1998,2.386499
Control of Corruption,NZL,2000,2.280699
Control of Corruption,NZL,2002,2.234489
Control of Corruption,NZL,2003,2.251519
Control of Corruption,NZL,2004,2.209165
Control of Corruption,NZL,2005,2.200821
Control of Corruption,NZL,2006,2.295268
Control of Corruption,NZL,2007,2.264629
Control of Corruption,NZL,2008,2.256233
Control of Corruption,NZL,2009,2.279339
Control of Corruption,NZL,2010,2.229829
Control of Corruption,NZL,2011,2.249263
Control of Corruption,NZL,2012,2.185193
Control of Corruption,NZL,2013,2.19552
Control of Corruption,NZL,2014,2.166619
Control of Corruption,NZL,2015,2.199618
Control of Corruption,NZL,2016,2.208253
Control of Corruption,NZL,2017,2.169384
Control of Corruption,NZL,2018,2.095334
Control of Corruption,NZL,2019,2.152823
Control of Corruption,NZL,2020,2.154331
Control of Corruption,NZL,2021,2.125862
Control of Corruption,NZL,2022,2.082883
Control of Corruption,NZL,2023,2.023955
Control of Corruption,NZL,2024,1.939546
Control of Corruption,NZL,2025,1.886501
Control of Corruption,PRT,1996,1.579615
Control of Corruption,PRT,1998,1.394693
Control of Corruption,PRT,2000,1.307799
Control of Corruption,PRT,2002,1.267845
Control of Corruption,PRT,2003,1.226876
Control of Corruption,PRT,2004,1.193625
Control of Corruption,PRT,2005,1.195317
Control of Corruption,PRT,2006,0.884796
Control of Corruption,PRT,2007,0.914637
Control of Corruption,PRT,2008,0.93097
Control of Corruption,PRT,2009,0.889322
Control of Corruption,PRT,2010,0.746445
Control of Corruption,PRT,2011,0.796315
Control of Corruption,PRT,2012,0.799846
Control of Corruption,PRT,2013,0.734127
Control of Corruption,PRT,2014,0.684006
Control of Corruption,PRT,2015,0.722501
Control of Corruption,PRT,2016,0.713192
Control of Corruption,PRT,2017,0.824239
Control of Corruption,PRT,2018,0.808391
Control of Corruption,PRT,2019,0.802355
Control of Corruption,PRT,2020,0.793345
Control of Corruption,PRT,2021,0.824913
Control of Corruption,PRT,2022,0.792284
Control of Corruption,PRT,2023,0.734118
Control of Corruption,PRT,2024,0.817102
Control of Corruption,PRT,2025,0.772487
Control of Corruption,URY,1996,0.990766
Control of Corruption,URY,1998,0.989444
Control of Corruption,URY,2000,0.910124
Control of Corruption,URY,2002,1.007037
Control of Corruption,URY,2003,0.992759
Control of Corruption,URY,2004,0.798712
Control of Corruption,URY,2005,0.934501
Control of Corruption,URY,2006,0.990646
Control of Corruption,URY,2007,1.048581
Control of Corruption,URY,2008,1.178586
Control of Corruption,URY,2009,1.195538
Control of Corruption,URY,2010,1.345923
Control of Corruption,URY,2011,1.3457
Control of Corruption,URY,2012,1.332999
Control of Corruption,URY,2013,1.347939
Control of Corruption,URY,2014,1.290122
Control of Corruption,URY,2015,1.258815
Control of Corruption,URY,2016,1.381757
Control of Corruption,URY,2017,1.34777
Control of Corruption,URY,2018,1.369856
Control of Corruption,URY,2019,1.389959
Control of Corruption,URY,2020,1.514689
Control of Corruption,URY,2021,1.621314
Control of Corruption,URY,2022,1.61232
Control of Corruption,URY,2023,1.548977
Control of Corruption,URY,2024,1.537923
Control of Corruption,URY,2025,1.556233
Government Effectiveness,ARG,1996,0.258256
Government Effectiveness,ARG,1998,0.077215
Government Effectiveness,ARG,2000,0.030282
Government Effectiveness,ARG,2002,-0.194945
Government Effectiveness,ARG,2003,-0.112447
Government Effectiveness,ARG,2004,0.014984
Government Effectiveness,ARG,2005,0.05443
Government Effectiveness,ARG,2006,0.094084
Government Effectiveness,ARG,2007,0.046379
Government Effectiveness,ARG,2008,-0.016173
Government Effectiveness,ARG,2009,-0.005413
Government Effectiveness,ARG,2010,0.073939
Government Effectiveness,ARG,2011,0.131081
Government Effectiveness,ARG,2012,0.068553
Government Effectiveness,ARG,2013,0.053793
Government Effectiveness,ARG,2014,0.231016
Government Effectiveness,ARG,2015,0.143952
Government Effectiveness,ARG,2016,0.350935
Government Effectiveness,ARG,2017,0.310481
Government Effectiveness,ARG,2018,0.298784
Government Effectiveness,ARG,2019,0.306295
Government Effectiveness,ARG,2020,0.188977
Government Effectiveness,ARG,2021,0.134673
Government Effectiveness,ARG,2022,0.119289
Government Effectiveness,ARG,2023,0.034705
Government Effectiveness,ARG,2024,0.194177
Government Effectiveness,ARG,2025,0.275785
Government Effectiveness,CAN,1996,1.810947
Government Effectiveness,CAN,1998,1.833716
Government Effectiveness,CAN,2000,1.93488
Government Effectiveness,CAN,2002,1.983059
Government Effectiveness,CAN,2003,1.92739
Government Effectiveness,CAN,2004,1.891195
Government Effectiveness,CAN,2005,1.888168
Government Effectiveness,CAN,2006,1.831555
Government Effectiveness,CAN,2007,1.849938
Government Effectiveness,CAN,2008,1.860711
Government Effectiveness,CAN,2009,1.807778
Government Effectiveness,CAN,2010,1.800225
Government Effectiveness,CAN,2011,1.845857
Government Effectiveness,CAN,2012,1.912163
Government Effectiveness,CAN,2013,1.839771
Government Effectiveness,CAN,2014,1.898875
Government Effectiveness,CAN,2015,1.863972
Government Effectiveness,CAN,2016,1.875239
Government Effectiveness,CAN,2017,1.957381
Government Effectiveness,CAN,2018,1.847886
Government Effectiveness,CAN,2019,1.858886
Government Effectiveness,CAN,2020,1.666867
Government Effectiveness,CAN,2021,1.619323
Government Effectiveness,CAN,2022,1.758932
Government Effectiveness,CAN,2023,1.684464
Government Effectiveness,CAN,2024,1.738119
Government Effectiveness,CAN,2025,1.757082
Government Effectiveness,CHL,1996,1.013421
Government Effectiveness,CHL,1998,0.923745
Government Effectiveness,CHL,2000,0.957853
Government Effectiveness,CHL,2002,1.098263
Government Effectiveness,CHL,2003,1.14832
Government Effectiveness,CHL,2004,1.142849
Government Effectiveness,CHL,2005,1.295312
Government Effectiveness,CHL,2006,1.273609
Government Effectiveness,CHL,2007,1.280868
Government Effectiveness,CHL,2008,1.266485
Government Effectiveness,CHL,2009,1.333997
Government Effectiveness,CHL,2010,1.208388
Government Effectiveness,CHL,2011,1.273183
Government Effectiveness,CHL,2012,1.307902
Government Effectiveness,CHL,2013,1.277713
Government Effectiveness,CHL,2014,1.177914
Government Effectiveness,CHL,2015,1.119848
Government Effectiveness,CHL,2016,1.053314
Government Effectiveness,CHL,2017,1.036327
Government Effectiveness,CHL,2018,1.098591
Government Effectiveness,CHL,2019,1.106735
Government Effectiveness,CHL,2020,0.931872
Government Effectiveness,CHL,2021,0.912446
Government Effectiveness,CHL,2022,0.928925
Government Effectiveness,CHL,2023,1.005649
Government Effectiveness,CHL,2024,1.014044
Government Effectiveness,CHL,2025,1.042473
Government Effectiveness,NZL,1996,1.993653
Government Effectiveness,NZL,1998,1.9165
Government Effectiveness,NZL,2000,1.730718
Government Effectiveness,NZL,2002,2.045292
Government Effectiveness,NZL,2003,2.016585
Government Effectiveness,NZL,2004,1.8327
Government Effectiveness,NZL,2005,1.940634
Government Effectiveness,NZL,2006,1.882274
Government Effectiveness,NZL,2007,1.853094
Government Effectiveness,NZL,2008,1.801556
Government Effectiveness,NZL,2009,1.931868
Government Effectiveness,NZL,2010,1.817451
Government Effectiveness,NZL,2011,1.948017
Government Effectiveness,NZL,2012,1.955776
Government Effectiveness,NZL,2013,1.923904
Government Effectiveness,NZL,2014,2.009599
Government Effectiveness,NZL,2015,1.933176
Government Effectiveness,NZL,2016,1.866822
Government Effectiveness,NZL,2017,1.837719
Government Effectiveness,NZL,2018,1.76504
Government Effectiveness,NZL,2019,1.745568
Government Effectiveness,NZL,2020,1.70082
Government Effectiveness,NZL,2021,1.617746
Government Effectiveness,NZL,2022,1.708927
Government Effectiveness,NZL,2023,1.766659
Government Effectiveness,NZL,2024,1.842816
Government Effectiveness,NZL,2025,1.872764
Government Effectiveness,PRT,1996,0.761782
Government Effectiveness,PRT,1998,0.740328
Government Effectiveness,PRT,2000,0.87943
Government Effectiveness,PRT,2002,1.108565
Government Effectiveness,PRT,2003,0.820687
Government Effectiveness,PRT,2004,0.643919
Government Effectiveness,PRT,2005,0.684204
Government Effectiveness,PRT,2006,0.784544
Government Effectiveness,PRT,2007,0.760781
Government Effectiveness,PRT,2008,1.010775
Government Effectiveness,PRT,2009,1.112612
Government Effectiveness,PRT,2010,0.815487
Government Effectiveness,PRT,2011,0.877849
Government Effectiveness,PRT,2012,0.916681
Government Effectiveness,PRT,2013,0.89583
Government Effectiveness,PRT,2014,0.945371
Government Effectiveness,PRT,2015,1.054952
Government Effectiveness,PRT,2016,1.066513
Government Effectiveness,PRT,2017,1.23518
Government Effectiveness,PRT,2018,1.125473
Government Effectiveness,PRT,2019,1.098435
Government Effectiveness,PRT,2020,1.078298
Government Effectiveness,PRT,2021,1.149867
Government Effectiveness,PRT,2022,1.029526
Government Effectiveness,PRT,2023,0.950945
Government Effectiveness,PRT,2024,0.976388
Government Effectiveness,PRT,2025,1.021937
Government Effectiveness,URY,1996,0.650202
Government Effectiveness,URY,1998,0.384626
Government Effectiveness,URY,2000,0.373437
Government Effectiveness,URY,2002,0.492272
Government Effectiveness,URY,2003,0.481242
Government Effectiveness,URY,2004,0.27985
Government Effectiveness,URY,2005,0.536047
Government Effectiveness,URY,2006,0.537578
Government Effectiveness,URY,2007,0.550485
Government Effectiveness,URY,2008,0.781644
Government Effectiveness,URY,2009,0.791456
Government Effectiveness,URY,2010,0.811897
Government Effectiveness,URY,2011,0.778531
Government Effectiveness,URY,2012,0.682104
Government Effectiveness,URY,2013,0.672877
Government Effectiveness,URY,2014,0.844323
Government Effectiveness,URY,2015,0.818528
Government Effectiveness,URY,2016,0.772385
Government Effectiveness,URY,2017,0.682565
Government Effectiveness,URY,2018,0.711752
Government Effectiveness,URY,2019,0.84086
Government Effectiveness,URY,2020,0.855105
Government Effectiveness,URY,2021,0.890811
Government Effectiveness,URY,2022,0.966877
Government Effectiveness,URY,2023,0.869592
Government Effectiveness,URY,2024,0.863245
Government Effectiveness,URY,2025,0.862518
Political Stability and Absence of Violence,ARG,1996,0.036026
Political Stability and Absence of Violence,ARG,1998,-0.132477
Political Stability and Absence of Violence,ARG,2000,-0.039313
Political Stability and Absence of Violence,ARG,2002,-0.642377
Political Stability and Absence of Violence,ARG,2003,-0.232613
Political Stability and Absence of Violence,ARG,2004,-0.308084
Political Stability and Absence of Violence,ARG,2005,0.08944
Political Stability and Absence of Violence,ARG,2006,0.08852
Political Stability and Absence of Violence,ARG,2007,0.219091
Political Stability and Absence of Violence,ARG,2008,0.034528
Political Stability and Absence of Violence,ARG,2009,-0.159889
Political Stability and Absence of Violence,ARG,2010,-0.082546
Political Stability and Absence of Violence,ARG,2011,0.108638
Political Stability and Absence of Violence,ARG,2012,0.080765
Political Stability and Absence of Violence,ARG,2013,0.03271
Political Stability and Absence of Violence,ARG,2014,-0.013506
Political Stability and Absence of Violence,ARG,2015,-0.034423
Political Stability and Absence of Violence,ARG,2016,0.184603
Political Stability and Absence of Violence,ARG,2017,0.232687
Political Stability and Absence of Violence,ARG,2018,0.116657
Political Stability and Absence of Violence,ARG,2019,0.057687
Political Stability and Absence of Violence,ARG,2020,0.040654
Political Stability and Absence of Violence,ARG,2021,0.078868
Political Stability and Absence of Violence,ARG,2022,0.052813
Political Stability and Absence of Violence,ARG,2023,-0.023859
Political Stability and Absence of Violence,ARG,2024,0.012722
Political Stability and Absence of Violence,ARG,2025,0.162061
Political Stability and Absence of Violence,CAN,1996,1.307315
Political Stability and Absence of Violence,CAN,1998,1.174933
Political Stability and Absence of Violence,CAN,2000,1.257831
Political Stability and Absence of Violence,CAN,2002,1.149779
Political Stability and Absence of Violence,CAN,2003,1.062408
Political Stability and Absence of Violence,CAN,2004,0.766225
Political Stability and Absence of Violence,CAN,2005,0.925321
Political Stability and Absence of Violence,CAN,2006,0.972025
Political Stability and Absence of Violence,CAN,2007,1.023066
Political Stability and Absence of Violence,CAN,2008,1.088629
Political Stability and Absence of Violence,CAN,2009,1.364423
Political Stability and Absence of Violence,CAN,2010,0.992638
Political Stability and Absence of Violence,CAN,2011,1.053622
Political Stability and Absence of Violence,CAN,2012,1.075578
Political Stability and Absence of Violence,CAN,2013,0.991255
Political Stability and Absence of Violence,CAN,2014,1.151898
Political Stability and Absence of Violence,CAN,2015,1.167096
Political Stability and Absence of Violence,CAN,2016,1.145025
Political Stability and Absence of Violence,CAN,2017,1.007185
Political Stability and Absence of Violence,CAN,2018,0.934791
Political Stability and Absence of Violence,CAN,2019,0.902245
Political Stability and Absence of Violence,CAN,2020,0.932918
Political Stability and Absence of Violence,CAN,2021,0.757483
Political Stability and Absence of Violence,CAN,2022,0.508881
Political Stability and Absence of Violence,CAN,2023,0.637654
Political Stability and Absence of Violence,CAN,2024,0.640112
Political Stability and Absence of Violence,CAN,2025,0.809649
Political Stability and Absence of Violence,CHL,1996,0.685746
Political Stability and Absence of Violence,CHL,1998,0.202252
Political Stability and Absence of Violence,CHL,2000,0.594332
Political Stability and Absence of Violence,CHL,2002,0.984143
Political Stability and Absence of Violence,CHL,2003,0.808828
Political Stability and Absence of Violence,CHL,2004,0.643837
Political Stability and Absence of Violence,CHL,2005,0.93102
Political Stability and Absence of Violence,CHL,2006,0.880836
Political Stability and Absence of Violence,CHL,2007,0.778873
Political Stability and Absence of Violence,CHL,2008,0.764869
Political Stability and Absence of Violence,CHL,2009,0.864589
Political Stability and Absence of Violence,CHL,2010,0.912016
Political Stability and Absence of Violence,CHL,2011,0.609926
Political Stability and Absence of Violence,CHL,2012,0.608901
Political Stability and Absence of Violence,CHL,2013,0.578428
Political Stability and Absence of Violence,CHL,2014,0.726862
Political Stability and Absence of Violence,CHL,2015,0.683141
Political Stability and Absence of Violence,CHL,2016,0.59303
Political Stability and Absence of Violence,CHL,2017,0.591089
Political Stability and Absence of Violence,CHL,2018,0.679372
Political Stability and Absence of Violence,CHL,2019,0.181818
Political Stability and Absence of Violence,CHL,2020,0.142945
Political Stability and Absence of Violence,CHL,2021,0.150185
Political Stability and Absence of Violence,CHL,2022,0.005925
Political Stability and Absence of Violence,CHL,2023,0.115073
Political Stability and Absence of Violence,CHL,2024,0.278549
Political Stability and Absence of Violence,CHL,2025,0.170603
Political Stability and Absence of Violence,NZL,1996,1.396211
Political Stability and Absence of Violence,NZL,1998,1.415367
Political Stability and Absence of Violence,NZL,2000,1.429525
Political Stability and Absence of Violence,NZL,2002,1.21926
Political Stability and Absence of Violence,NZL,2003,1.159172
Political Stability and Absence of Violence,NZL,2004,1.368289
Political Stability and Absence of Violence,NZL,2005,1.336768
Political Stability and Absence of Violence,NZL,2006,1.280348
Political Stability and Absence of Violence,NZL,2007,1.339461
Political Stability and Absence of Violence,NZL,2008,1.200692
Political Stability and Absence of Violence,NZL,2009,1.185982
Political Stability and Absence of Violence,NZL,2010,1.412729
Political Stability and Absence of Violence,NZL,2011,1.385916
Political Stability and Absence of Violence,NZL,2012,1.413413
Political Stability and Absence of Violence,NZL,2013,1.380612
Political Stability and Absence of Violence,NZL,2014,1.48612
Political Stability and Absence of Violence,NZL,2015,1.453183
Political Stability and Absence of Violence,NZL,2016,1.454864
Political Stability and Absence of Violence,NZL,2017,1.500488
Political Stability and Absence of Violence,NZL,2018,1.455437
Political Stability and Absence of Violence,NZL,2019,1.404897
Political Stability and Absence of Violence,NZL,2020,1.472423
Political Stability and Absence of Violence,NZL,2021,1.371262
Political Stability and Absence of Violence,NZL,2022,1.241445
Political Stability and Absence of Violence,NZL,2023,1.308768
Political Stability and Absence of Violence,NZL,2024,1.248938
Political Stability and Absence of Violence,NZL,2025,1.181526
Political Stability and Absence of Violence,PRT,1996,1.34734
Political Stability and Absence of Violence,PRT,1998,1.439073
Political Stability and Absence of Violence,PRT,2000,1.391476
Political Stability and Absence of Violence,PRT,2002,1.450159
Political Stability and Absence of Violence,PRT,2003,1.351685
Political Stability and Absence of Violence,PRT,2004,0.939555
Political Stability and Absence of Violence,PRT,2005,1.079861
Political Stability and Absence of Violence,PRT,2006,0.963559
Political Stability and Absence of Violence,PRT,2007,0.843243
Political Stability and Absence of Violence,PRT,2008,0.993431
Political Stability and Absence of Violence,PRT,2009,0.88274
Political Stability and Absence of Violence,PRT,2010,0.774343
Political Stability and Absence of Violence,PRT,2011,0.775306
Political Stability and Absence of Violence,PRT,2012,0.844188
Political Stability and Absence of Violence,PRT,2013,0.764993
Political Stability and Absence of Violence,PRT,2014,0.944059
Political Stability and Absence of Violence,PRT,2015,1.011341
Political Stability and Absence of Violence,PRT,2016,0.956009
Political Stability and Absence of Violence,PRT,2017,1.050735
Political Stability and Absence of Violence,PRT,2018,1.089558
Political Stability and Absence of Violence,PRT,2019,0.991525
Political Stability and Absence of Violence,PRT,2020,0.981086
Political Stability and Absence of Violence,PRT,2021,0.953032
Political Stability and Absence of Violence,PRT,2022,0.881874
Political Stability and Absence of Violence,PRT,2023,0.793843
Political Stability and Absence of Violence,PRT,2024,0.653565
Political Stability and Absence of Violence,PRT,2025,0.702011
Political Stability and Absence of Violence,URY,1996,0.651087
Political Stability and Absence of Violence,URY,1998,0.842781
Political Stability and Absence of Violence,URY,2000,0.839688
Political Stability and Absence of Violence,URY,2002,0.802555
Political Stability and Absence of Violence,URY,2003,0.700243
Political Stability and Absence of Violence,URY,2004,0.510909
Political Stability and Absence of Violence,URY,2005,0.821726
Political Stability and Absence of Violence,URY,2006,1.034611
Political Stability and Absence of Violence,URY,2007,1.075341
Political Stability and Absence of Violence,URY,2008,1.072171
Political Stability and Absence of Violence,URY,2009,1.039375
Political Stability and Absence of Violence,URY,2010,0.895996
Political Stability and Absence of Violence,URY,2011,0.933497
Political Stability and Absence of Violence,URY,2012,0.890959
Political Stability and Absence of Violence,URY,2013,0.934667
Political Stability and Absence of Violence,URY,2014,1.10285
Political Stability and Absence of Violence,URY,2015,1.092107
Political Stability and Absence of Violence,URY,2016,1.129209
Political Stability and Absence of Violence,URY,2017,1.112161
Political Stability and Absence of Violence,URY,2018,1.117648
Political Stability and Absence of Violence,URY,2019,1.155273
Political Stability and Absence of Violence,URY,2020,1.139861
Political Stability and Absence of Violence,URY,2021,1.138584
Political Stability and Absence of Violence,URY,2022,1.297487
Political Stability and Absence of Violence,URY,2023,1.189924
Political Stability and Absence of Violence,URY,2024,1.305309
Political Stability and Absence of Violence,URY,2025,1.300343
Rule of Law,ARG,1996,0.09242
Rule of Law,ARG,1998,0.005063
Rule of Law,ARG,2000,-0.165941
Rule of Law,ARG,2002,-0.780232
Rule of Law,ARG,2003,-0.75699
Rule of Law,ARG,2004,-0.622177
Rule of Law,ARG,2005,-0.370911
Rule of Law,ARG,2006,-0.410518
Rule of Law,ARG,2007,-0.445025
Rule of Law,ARG,2008,-0.626241
Rule of Law,ARG,2009,-0.594624
Rule of Law,ARG,2010,-0.479068
Rule of Law,ARG,2011,-0.430771
Rule of Law,ARG,2012,-0.513681
Rule of Law,ARG,2013,-0.570401
Rule of Law,ARG,2014,-0.715326
Rule of Law,ARG,2015,-0.443382
Rule of Law,ARG,2016,-0.192507
Rule of Law,ARG,2017,-0.123865
Rule of Law,ARG,2018,-0.146143
Rule of Law,ARG,2019,-0.316853
Rule of Law,ARG,2020,-0.308272
Rule of Law,ARG,2021,-0.30757
Rule of Law,ARG,2022,-0.294815
Rule of Law,ARG,2023,-0.272733
Rule of Law,ARG,2024,-0.256913
Rule of Law,ARG,2025,-0.102398
Rule of Law,CAN,1996,1.71205
Rule of Law,CAN,1998,1.708692
Rule of Law,CAN,2000,1.758544
Rule of Law,CAN,2002,1.75104
Rule of Law,CAN,2003,1.697049
Rule of Law,CAN,2004,1.67099
Rule of Law,CAN,2005,1.653141
Rule of Law,CAN,2006,1.798238
Rule of Law,CAN,2007,1.715787
Rule of Law,CAN,2008,1.68749
Rule of Law,CAN,2009,1.623084
Rule of Law,CAN,2010,1.586753
Rule of Law,CAN,2011,1.580681
Rule of Law,CAN,2012,1.604907
Rule of Law,CAN,2013,1.603041
Rule of Law,CAN,2014,1.652342
Rule of Law,CAN,2015,1.727264
Rule of Law,CAN,2016,1.72841
Rule of Law,CAN,2017,1.720039
Rule of Law,CAN,2018,1.719133
Rule of Law,CAN,2019,1.690294
Rule of Law,CAN,2020,1.580972
Rule of Law,CAN,2021,1.583181
Rule of Law,CAN,2022,1.53458
Rule of Law,CAN,2023,1.466761
Rule of Law,CAN,2024,1.482008
Rule of Law,CAN,2025,1.476916
Rule of Law,CHL,1996,1.135406
Rule of Law,CHL,1998,1.056595
Rule of Law,CHL,2000,1.260755
Rule of Law,CHL,2002,1.309448
Rule of Law,CHL,2003,1.270604
Rule of Law,CHL,2004,1.260947
Rule of Law,CHL,2005,1.315105
Rule of Law,CHL,2006,1.270479
Rule of Law,CHL,2007,1.273165
Rule of Law,CHL,2008,1.232203
Rule of Law,CHL,2009,1.242369
Rule of Law,CHL,2010,1.212811
Rule of Law,CHL,2011,1.114972
Rule of Law,CHL,2012,1.13878
Rule of Law,CHL,2013,1.076288
Rule of Law,CHL,2014,1.064603
Rule of Law,CHL,2015,1.015704
Rule of Law,CHL,2016,0.993331
Rule of Law,CHL,2017,0.980063
Rule of Law,CHL,2018,0.980919
Rule of Law,CHL,2019,0.910686
Rule of Law,CHL,2020,0.752396
Rule of Law,CHL,2021,0.775781
Rule of Law,CHL,2022,0.758736
Rule of Law,CHL,2023,0.667561
Rule of Law,CHL,2024,0.701206
Rule of Law,CHL,2025,0.680463
Rule of Law,NZL,1996,1.810157
Rule of Law,NZL,1998,1.798576
Rule of Law,NZL,2000,1.821074
Rule of Law,NZL,2002,1.812141
Rule of Law,NZL,2003,1.809974
Rule of Law,NZL,2004,1.760034
Rule of Law,NZL,2005,1.779998
Rule of Law,NZL,2006,1.790685
Rule of Law,NZL,2007,1.786053
Rule of Law,NZL,2008,1.802373
Rule of Law,NZL,2009,1.800856
Rule of Law,NZL,2010,1.769038
Rule of Law,NZL,2011,1.870232
Rule of Law,NZL,2012,1.821691
Rule of Law,NZL,2013,1.768581
Rule of Law,NZL,2014,1.8058
Rule of Law,NZL,2015,1.862879
Rule of Law,NZL,2016,1.870294
Rule of Law,NZL,2017,1.823565
Rule of Law,NZL,2018,1.807841
Rule of Law,NZL,2019,1.785516
Rule of Law,NZL,2020,1.778331
Rule of Law,NZL,2021,1.743031
Rule of Law,NZL,2022,1.745711
Rule of Law,NZL,2023,1.746459
Rule of Law,NZL,2024,1.704077
Rule of Law,NZL,2025,1.656025
Rule of Law,PRT,1996,1.271917
Rule of Law,PRT,1998,1.139743
Rule of Law,PRT,2000,1.107531
Rule of Law,PRT,2002,1.260563
Rule of Law,PRT,2003,1.279557
Rule of Law,PRT,2004,1.213491
Rule of Law,PRT,2005,1.174667
Rule of Law,PRT,2006,1.051542
Rule of Law,PRT,2007,1.173639
Rule of Law,PRT,2008,1.119582
Rule of Law,PRT,2009,1.061882
Rule of Law,PRT,2010,0.902509
Rule of Law,PRT,2011,0.889201
Rule of Law,PRT,2012,0.905539
Rule of Law,PRT,2013,0.922612
Rule of Law,PRT,2014,1.016207
Rule of Law,PRT,2015,1.138115
Rule of Law,PRT,2016,1.128957
Rule of Law,PRT,2017,1.185999
Rule of Law,PRT,2018,1.133179
Rule of Law,PRT,2019,1.120595
Rule of Law,PRT,2020,1.155404
Rule of Law,PRT,2021,1.168166
Rule of Law,PRT,2022,1.132583
Rule of Law,PRT,2023,1.041144
Rule of Law,PRT,2024,1.001908
Rule of Law,PRT,2025,1.046472
Rule of Law,URY,1996,0.443984
Rule of Law,URY,1998,0.428858
Rule of Law,URY,2000,0.425785
Rule of Law,URY,2002,0.665291
Rule of Law,URY,2003,0.626268
Rule of Law,URY,2004,0.546158
Rule of Law,URY,2005,0.628544
Rule of Law,URY,2006,0.724117
Rule of Law,URY,2007,0.772084
Rule of Law,URY,2008,0.789148
Rule of Law,URY,2009,0.791421
Rule of Law,URY,2010,0.839977
Rule of Law,URY,2011,0.768675
Rule of Law,URY,2012,0.705496
Rule of Law,URY,2013,0.683456
Rule of Law,URY,2014,0.783307
Rule of Law,URY,2015,0.832941
Rule of Law,URY,2016,0.907296
Rule of Law,URY,2017,0.876537
Rule of Law,URY,2018,0.875101
Rule of Law,URY,2019,0.881382
Rule of Law,URY,2020,0.886611
Rule of Law,URY,2021,0.945841
Rule of Law,URY,2022,0.973984
Rule of Law,URY,2023,0.952537
Rule of Law,URY,2024,0.939793
Rule of Law,URY,2025,0.939498
