canal,solicitantes_principales,ingreso_tesoro_musd,financiamiento_bono_musd,pct_reservas,pct_venc_capital_externo_2027,pct_servicios_12m
Solo aporte,100,45.0,0.0,0.1,0.37,0.03
Solo aporte,500,225.0,0.0,0.49,1.86,0.15
Solo aporte,1000,450.0,0.0,0.98,3.71,0.3
Solo aporte,3000,1350.0,0.0,2.93,11.13,0.91
70% aporte / 30% bono,100,34.5,24.0,0.07,0.28,0.02
70% aporte / 30% bono,500,172.5,120.0,0.37,1.42,0.12
70% aporte / 30% bono,1000,345.0,240.0,0.75,2.85,0.23
70% aporte / 30% bono,3000,1035.0,720.0,2.25,8.54,0.7
50% aporte / 50% bono,100,27.5,40.0,0.06,0.23,0.02
50% aporte / 50% bono,500,137.5,200.0,0.3,1.13,0.09
50% aporte / 50% bono,1000,275.0,400.0,0.6,2.27,0.19
50% aporte / 50% bono,3000,825.0,1200.0,1.79,6.8,0.56
