claim_id,modulo,etiqueta,afirmacion,valor,fuente,tipo_fuente,url,archivo_local,sha256,cita_textual,fecha_acceso
E50,E2,DATO,"EE.UU., 5 años: semana de máximo interés relativo por 'argentina passport'",2026-06-28 (=100),"Google Trends vía pytrends, consulta Q1 (today 5-y, geo=US), descargada 2026-10-04",R,https://trends.google.com/trends/explore,data/raw/E2_gt_Q1_2026-10-03.csv,b2278002467d1cb3,date=2026-06-28; argentina passport=100,2026-10-04
E51,E2,ESTIMACIÓN,EE.UU.: promedio anual del índice de 'argentina passport' (primer año completo vs. 2026),2.3 (2022) → 32.5 (2026),"Google Trends vía pytrends, consulta Q1 (today 5-y, geo=US), descargada 2026-10-04",R,https://trends.google.com/trends/explore,data/raw/E2_gt_Q1_2026-10-03.csv,b2278002467d1cb3,promedio por año calendario de la serie semanal 'argentina passport' en Q1; ver data/processed/E2_us_5y_anual.csv,2026-10-04
E52,E2,ESTIMACIÓN,EE.UU.: promedio anual del índice de 'argentina citizenship' (primer año completo vs. 2026),0.3 (2022) → 19.7 (2026),"Google Trends vía pytrends, consulta Q1 (today 5-y, geo=US), descargada 2026-10-04",R,https://trends.google.com/trends/explore,data/raw/E2_gt_Q1_2026-10-03.csv,b2278002467d1cb3,promedio por año calendario de la serie semanal 'argentina citizenship' en Q1; ver data/processed/E2_us_5y_anual.csv,2026-10-04
E53,E2,ESTIMACIÓN,"EE.UU.: interés horario por 'argentina citizenship' antes vs. desde el anuncio (02/10/2026, UTC)",0.1 → 13.2 (máximo 02/10 19:00 UTC),"Google Trends vía pytrends, consulta Q2 (now 7-d, geo=US), descargada 2026-10-04",R,https://trends.google.com/trends/explore,data/raw/E2_gt_Q2_2026-10-03.csv,abad94d1763dbc51,media de la serie horaria 'argentina citizenship' con fecha < 2026-10-02 vs. ≥ 2026-10-02 en Q2,2026-10-04
E63,E2,DATO,EE.UU.: hora de máximo interés por 'argentina citizenship' en los últimos 7 días,2026-10-02 19:00 UTC,"Google Trends vía pytrends, consulta Q2 (now 7-d, geo=US), descargada 2026-10-04",R,https://trends.google.com/trends/explore,data/raw/E2_gt_Q2_2026-10-03.csv,abad94d1763dbc51,date=2026-10-02 19:00:00; argentina citizenship=75,2026-10-04
E54,E2,ESTIMACIÓN,"mundo: interés horario por 'argentina citizenship' antes vs. desde el anuncio (02/10/2026, UTC)",0.7 → 30.5 (máximo 02/10 19:00 UTC),"Google Trends vía pytrends, consulta Q3 (now 7-d, geo=mundo), descargada 2026-10-04",R,https://trends.google.com/trends/explore,data/raw/E2_gt_Q3_2026-10-03.csv,b15e528aac321e0e,media de la serie horaria 'argentina citizenship' con fecha < 2026-10-02 vs. ≥ 2026-10-02 en Q3,2026-10-04
E64,E2,DATO,mundo: hora de máximo interés por 'argentina citizenship' en los últimos 7 días,2026-10-02 19:00 UTC,"Google Trends vía pytrends, consulta Q3 (now 7-d, geo=mundo), descargada 2026-10-04",R,https://trends.google.com/trends/explore,data/raw/E2_gt_Q3_2026-10-03.csv,b15e528aac321e0e,date=2026-10-02 19:00:00; argentina citizenship=85,2026-10-04
E57,E2,DATO,"Mundo, 12 meses: países con mayor interés relativo por 'argentina citizenship' (índice 0–100, normalizado por búsquedas totales del país; excluye países de bajo volumen)","Switzerland (44), Russia (43), Finland (42)","Google Trends vía pytrends, consulta Q4 (today 12-m, geo=mundo), descargada 2026-10-04",R,https://trends.google.com/trends/explore,data/raw/E2_gt_Q4_2026-10-03.csv,90632cbe4b9bb109,geoName=Switzerland; argentina citizenship=44,2026-10-04
E58,E2,DATO,"Mundo, 12 meses: países con mayor interés relativo por 'argentina passport' (índice 0–100, normalizado por búsquedas totales del país; excluye países de bajo volumen)","Taiwan (77), Belgium (76), Bangladesh (75)","Google Trends vía pytrends, consulta Q4 (today 12-m, geo=mundo), descargada 2026-10-04",R,https://trends.google.com/trends/explore,data/raw/E2_gt_Q4_2026-10-03.csv,90632cbe4b9bb109,geoName=Taiwan; argentina passport=77,2026-10-04
E59,E2,DATO,"Mundo, 12 meses: países con mayor interés relativo por 'ciudadania argentina' (índice 0–100, normalizado por búsquedas totales del país; excluye países de bajo volumen)","Switzerland (43), Venezuela (38), Israel (28)","Google Trends vía pytrends, consulta Q5 (today 12-m, geo=mundo), descargada 2026-10-04",R,https://trends.google.com/trends/explore,data/raw/E2_gt_Q5_2026-10-03.csv,0543a19c43bb22cb,geoName=Switzerland; ciudadania argentina=43,2026-10-04
E60,E2,DATO,"Mundo, 12 meses: países con mayor interés relativo por 'pasaporte argentino' (índice 0–100, normalizado por búsquedas totales del país; excluye países de bajo volumen)","Spain (92), Mexico (88), Chile (87)","Google Trends vía pytrends, consulta Q5 (today 12-m, geo=mundo), descargada 2026-10-04",R,https://trends.google.com/trends/explore,data/raw/E2_gt_Q5_2026-10-03.csv,0543a19c43bb22cb,geoName=Spain; pasaporte argentino=92,2026-10-04
E61,E2,DATO,"Mundo, 12 meses: países con mayor interés relativo por 'cidadania argentina' (índice 0–100, normalizado por búsquedas totales del país; excluye países de bajo volumen)","Sri Lanka (100), Brazil (66), Argentina (33)","Google Trends vía pytrends, consulta Q6 (today 12-m, geo=mundo), descargada 2026-10-04",R,https://trends.google.com/trends/explore,data/raw/E2_gt_Q6_2026-10-03.csv,a1534d64db3f0397,geoName=Sri Lanka; cidadania argentina=100,2026-10-04
E62,E2,DATO,"Mundo, 7 días: consulta relacionada en mayor ascenso con 'argentina citizenship'",argentina citizenship by investment program (1300),"Google Trends vía pytrends, consulta Q8 (now 7-d, geo=mundo), descargada 2026-10-04",R,https://trends.google.com/trends/explore,data/raw/E2_gt_Q8_2026-10-03.csv,41a64251f037224c,query=argentina citizenship by investment program; value=1300,2026-10-04
E70,E2,ESTIMACIÓN,"EE.UU., últimas 52 semanas: interés medio relativo 'argentina citizenship' vs. programas CBI/golden visa",argentina citizenship: 26.1; portugal golden visa: 21.2; dominica citizenship: 5.2; st kitts citizenship: 3.2; turkey citizenship by investment: 3.4,"Google Trends vía pytrends, consulta Q7 (today 5-y, geo=US), descargada 2026-10-04",R,https://trends.google.com/trends/explore,data/raw/E2_gt_Q7_2026-10-03.csv,5ed8b3c499666926,media de las últimas 52 filas semanales de Q7 por término,2026-10-04
