date,argentina citizenship,portugal golden visa,dominica citizenship,st kitts citizenship,turkey citizenship by investment,isPartial
2021-10-03,0,5,0,5,0,False
2021-10-10,0,10,0,0,0,False
2021-10-17,0,5,0,0,0,False
2021-10-24,0,8,4,0,0,False
2021-10-31,0,8,0,4,0,False
2021-11-07,0,4,0,0,0,False
2021-11-14,4,8,0,11,0,False
2021-11-21,0,8,4,0,0,False
2021-11-28,0,6,0,0,0,False
2021-12-05,0,8,5,0,0,False
2021-12-12,0,5,0,4,0,False
2021-12-19,0,7,0,0,0,False
2021-12-26,0,6,0,0,0,False
2022-01-02,0,9,0,0,0,False
2022-01-09,0,4,0,0,0,False
2022-01-16,0,9,0,0,0,False
2022-01-23,4,11,0,0,0,False
2022-01-30,0,8,0,0,0,False
2022-02-06,0,8,0,0,0,False
2022-02-13,0,7,0,5,0,False
2022-02-20,0,7,0,0,0,False
2022-02-27,0,6,0,0,0,False
2022-03-06,0,11,0,0,0,False
2022-03-13,0,9,0,3,0,False
2022-03-20,0,9,0,0,0,False
2022-03-27,0,10,0,3,0,False
2022-04-03,0,8,0,3,0,False
2022-04-10,0,8,3,4,0,False
2022-04-17,0,11,0,2,0,False
2022-04-24,0,10,0,4,0,False
2022-05-01,0,14,0,0,0,False
2022-05-08,0,18,0,0,0,False
2022-05-15,0,13,0,0,0,False
2022-05-22,0,17,0,0,0,False
2022-05-29,0,14,0,0,0,False
2022-06-05,0,19,0,3,0,False
2022-06-12,3,16,0,0,0,False
2022-06-19,0,26,0,0,0,False
2022-06-26,0,30,0,4,0,False
2022-07-03,0,27,3,0,0,False
2022-07-10,0,21,0,0,0,False
2022-07-17,0,21,0,4,0,False
2022-07-24,0,22,3,5,0,False
2022-07-31,0,13,0,0,0,False
2022-08-07,0,14,0,5,0,False
2022-08-14,0,10,0,0,0,False
2022-08-21,0,17,3,0,0,False
2022-08-28,0,13,0,3,0,False
2022-09-04,0,14,0,4,0,False
2022-09-11,0,13,0,0,0,False
2022-09-18,0,14,0,4,0,False
2022-09-25,0,9,0,0,0,False
2022-10-02,0,9,0,3,0,False
2022-10-09,0,14,0,0,0,False
2022-10-16,0,13,0,0,0,False
2022-10-23,0,12,0,0,0,False
2022-10-30,0,17,0,3,0,False
2022-11-06,0,19,0,4,0,False
2022-11-13,0,15,0,0,0,False
2022-11-20,0,11,0,0,0,False
2022-11-27,4,9,0,0,0,False
2022-12-04,3,10,0,0,0,False
2022-12-11,5,10,3,0,0,False
2022-12-18,8,9,0,0,0,False
2022-12-25,0,7,4,3,0,False
2023-01-01,0,9,0,0,0,False
2023-01-08,5,11,0,3,0,False
2023-01-15,0,7,0,5,0,False
2023-01-22,0,11,0,0,0,False
2023-01-29,3,11,0,0,0,False
2023-02-05,0,12,3,0,0,False
2023-02-12,0,32,0,0,0,False
2023-02-19,0,32,0,5,0,False
2023-02-26,0,21,0,0,0,False
2023-03-05,0,18,0,4,0,False
2023-03-12,0,18,0,3,0,False
2023-03-19,5,19,0,3,0,False
2023-03-26,0,20,4,0,0,False
2023-04-02,4,15,0,0,0,False
2023-04-09,0,12,0,0,0,False
2023-04-16,0,16,0,3,0,False
2023-04-23,0,14,0,0,0,False
2023-04-30,0,15,0,4,0,False
2023-05-07,0,12,0,0,3,False
2023-05-14,0,13,0,0,0,False
2023-05-21,4,16,0,0,0,False
2023-05-28,0,14,0,0,0,False
2023-06-04,0,20,0,0,0,False
2023-06-11,0,17,0,0,0,False
2023-06-18,0,20,0,0,0,False
2023-06-25,0,17,0,0,0,False
2023-07-02,0,15,0,3,0,False
2023-07-09,0,14,0,0,0,False
2023-07-16,0,18,0,0,0,False
2023-07-23,4,14,0,0,0,False
2023-07-30,0,11,0,0,0,False
2023-08-06,0,15,0,0,0,False
2023-08-13,4,13,0,0,0,False
2023-08-20,0,17,0,0,0,False
2023-08-27,0,11,0,0,0,False
2023-09-03,4,17,0,0,0,False
2023-09-10,0,12,0,0,0,False
2023-09-17,0,10,0,0,0,False
2023-09-24,0,11,3,0,0,False
2023-10-01,0,10,0,0,0,False
2023-10-08,0,6,0,0,0,False
2023-10-15,3,10,0,0,0,False
2023-10-22,0,9,0,0,0,False
2023-10-29,0,7,3,0,0,False
2023-11-05,0,8,0,0,0,False
2023-11-12,4,7,0,0,0,False
2023-11-19,4,8,0,0,0,False
2023-11-26,3,8,3,0,0,False
2023-12-03,0,4,0,3,0,False
2023-12-10,0,7,0,0,0,False
2023-12-17,0,8,0,0,0,False
2023-12-24,0,10,0,0,0,False
2023-12-31,0,8,0,0,0,False
2024-01-07,3,12,0,0,0,False
2024-01-14,0,12,0,4,0,False
2024-01-21,3,11,0,0,0,False
2024-01-28,0,11,0,0,0,False
2024-02-04,0,10,0,0,0,False
2024-02-11,0,5,0,3,0,False
2024-02-18,3,6,0,0,0,False
2024-02-25,0,8,0,0,0,False
2024-03-03,0,12,3,4,0,False
2024-03-10,3,6,0,3,0,False
2024-03-17,0,17,0,0,0,False
2024-03-24,0,22,0,0,0,False
2024-03-31,4,10,0,0,0,False
2024-04-07,0,17,0,0,0,False
2024-04-14,0,7,0,0,0,False
2024-04-21,4,8,0,4,0,False
2024-04-28,0,11,0,3,0,False
2024-05-05,0,11,0,0,0,False
2024-05-12,4,6,0,0,0,False
2024-05-19,4,10,0,0,0,False
2024-05-26,0,8,0,0,0,False
2024-06-02,0,5,0,0,0,False
2024-06-09,0,8,0,0,0,False
2024-06-16,0,7,0,0,0,False
2024-06-23,0,10,0,4,0,False
2024-06-30,4,14,0,4,0,False
2024-07-07,4,16,0,0,0,False
2024-07-14,5,12,0,0,0,False
2024-07-21,4,9,0,0,0,False
2024-07-28,4,10,0,6,0,False
2024-08-04,0,8,0,0,0,False
2024-08-11,0,8,0,0,0,False
2024-08-18,0,10,0,0,0,False
2024-08-25,0,8,0,5,0,False
2024-09-01,0,7,0,5,0,False
2024-09-08,0,7,0,0,0,False
2024-09-15,0,8,0,3,0,False
2024-09-22,0,9,0,0,0,False
2024-09-29,0,5,0,0,0,False
2024-10-06,0,6,0,0,0,False
2024-10-13,0,8,0,0,0,False
2024-10-20,4,15,0,0,0,False
2024-10-27,4,9,0,0,0,False
2024-11-03,6,40,0,4,0,False
2024-11-10,5,29,0,4,0,False
2024-11-17,0,17,0,0,0,False
2024-11-24,0,15,0,0,4,False
2024-12-01,0,10,0,0,0,False
2024-12-08,0,9,0,0,0,False
2024-12-15,0,8,0,0,0,False
2024-12-22,0,10,0,0,0,False
2024-12-29,0,10,0,0,0,False
2025-01-05,0,10,0,0,0,False
2025-01-12,0,13,0,0,0,False
2025-01-19,6,33,0,0,0,False
2025-01-26,7,32,0,4,0,False
2025-02-02,7,37,3,3,0,False
2025-02-09,4,30,0,4,0,False
2025-02-16,5,33,0,4,0,False
2025-02-23,5,36,4,0,0,False
2025-03-02,4,27,0,3,0,False
2025-03-09,3,26,0,0,0,False
2025-03-16,0,29,3,4,0,False
2025-03-23,5,27,0,4,0,False
2025-03-30,4,24,0,3,0,False
2025-04-06,4,20,0,3,3,False
2025-04-13,4,26,0,0,0,False
2025-04-20,3,25,0,0,0,False
2025-04-27,0,23,0,0,0,False
2025-05-04,4,19,3,0,0,False
2025-05-11,4,21,0,0,0,False
2025-05-18,0,14,0,0,0,False
2025-05-25,5,13,0,0,0,False
2025-06-01,0,19,0,0,0,False
2025-06-08,0,24,0,0,0,False
2025-06-15,6,24,0,4,0,False
2025-06-22,8,29,5,5,0,False
2025-06-29,8,29,4,0,0,False
2025-07-06,7,23,0,0,0,False
2025-07-13,7,20,0,0,0,False
2025-07-20,13,21,0,4,0,False
2025-07-27,24,28,8,10,4,False
2025-08-03,5,25,5,7,0,False
2025-08-10,7,27,0,5,0,False
2025-08-17,6,20,0,0,3,False
2025-08-24,4,18,0,0,0,False
2025-08-31,5,18,0,3,0,False
2025-09-07,4,16,0,0,0,False
2025-09-14,5,26,0,4,0,False
2025-09-21,5,26,5,0,0,False
2025-09-28,4,26,4,6,0,False
2025-10-05,4,13,0,0,0,False
2025-10-12,6,17,0,0,0,False
2025-10-19,0,19,0,0,0,False
2025-10-26,11,27,0,0,3,False
2025-11-02,13,25,7,7,5,False
2025-11-09,16,24,6,7,4,False
2025-11-16,13,27,5,6,4,False
2025-11-23,19,43,6,0,6,False
2025-11-30,29,28,6,0,4,False
2025-12-07,27,23,5,0,4,False
2025-12-14,19,20,7,4,0,False
2025-12-21,16,22,9,6,6,False
2025-12-28,19,31,7,7,5,False
2026-01-04,19,28,5,5,4,False
2026-01-11,29,26,6,6,6,False
2026-01-18,27,28,5,7,0,False
2026-01-25,27,31,6,4,4,False
2026-02-01,33,19,5,4,4,False
2026-02-08,25,22,4,3,3,False
2026-02-15,30,21,5,0,4,False
2026-02-22,29,23,6,4,0,False
2026-03-01,27,29,12,5,8,False
2026-03-08,21,22,5,3,0,False
2026-03-15,31,24,11,6,5,False
2026-03-22,24,21,8,4,3,False
2026-03-29,28,23,7,4,5,False
2026-04-05,26,24,4,5,6,False
2026-04-12,25,26,5,5,5,False
2026-04-19,23,23,7,4,5,False
2026-04-26,25,23,6,0,3,False
2026-05-03,33,19,7,5,5,False
2026-05-10,20,19,6,4,4,False
2026-05-17,32,31,7,6,6,False
2026-05-24,44,25,9,7,9,False
2026-05-31,45,25,13,5,8,False
2026-06-07,78,23,11,6,4,False
2026-06-14,51,24,8,9,7,False
2026-06-21,52,31,9,5,5,False
2026-06-28,100,37,8,4,9,False
2026-07-05,70,27,9,5,5,False
2026-07-12,67,17,3,0,0,False
2026-07-19,43,12,0,0,7,False
2026-07-26,12,7,0,0,0,False
2026-08-02,10,12,5,0,0,False
2026-08-09,12,11,9,0,0,False
2026-08-16,8,9,0,0,0,False
2026-08-23,8,8,0,0,0,False
2026-08-30,6,6,0,0,0,False
2026-09-06,5,8,0,4,0,False
2026-09-13,7,8,0,0,0,False
2026-09-20,3,7,1,1,1,False
2026-09-27,11,5,1,1,0,True
