indice_tiempo,paso,gasto_total_en_usd_no_residentes,gasto_promedio_diario_en_usd_no_residentes,gasto_en_usd_por_turista_no_residente,observaciones
2015-01-01,Ezeiza y Aeroparque,841534824.4,92.5,1313.5,""
2015-01-01,Aep. Córdoba,12268209.8,87.5,1110.4,""
2015-01-01,Aep. Mendoza,,,,Paso que comenzó a ser relevado en el 3er trim de 2017
2015-01-01,Puerto de Buenos Aires,23786070,89.8,464.7,""
2015-01-01,Cristo Redentor,,,,Paso que comenzó a ser relevado en el 1er trim de 2018
2015-04-01,Ezeiza y Aeroparque,661344869.3,99.5,1252.2,""
2015-04-01,Aep. Córdoba,7833149.2,73.1,729.5,""
2015-04-01,Aep. Mendoza,,,,Paso que comenzó a ser relevado en el 3er trim de 2017
2015-04-01,Puerto de Buenos Aires,34396784.1,101.5,461.1,""
2015-04-01,Cristo Redentor,,,,Paso que comenzó a ser relevado en el 1er trim de 2018
2015-07-01,Ezeiza y Aeroparque,694626440.2,100.2,1252.8,""
2015-07-01,Aep. Córdoba,11910458.2,76.4,945.8,""
2015-07-01,Aep. Mendoza,,,,Paso que comenzó a ser relevado en el 3er trim de 2017
2015-07-01,Puerto de Buenos Aires,39048339.5,95.2,452.6,""
2015-07-01,Cristo Redentor,,,,Paso que comenzó a ser relevado en el 1er trim de 2018
2015-10-01,Ezeiza y Aeroparque,806886776,100.3,1387.8,""
2015-10-01,Aep. Córdoba,11392759,67.8,879.8,""
2015-10-01,Aep. Mendoza,,,,Paso que comenzó a ser relevado en el 3er trim de 2017
2015-10-01,Puerto de Buenos Aires,31132857.6,95.5,408,""
2015-10-01,Cristo Redentor,,,,Paso que comenzó a ser relevado en el 1er trim de 2018
2016-01-01,Ezeiza y Aeroparque,705431802.9,75.4,1194.1,""
2016-01-01,Aep. Córdoba,10476126.3,56.5,906,""
2016-01-01,Aep. Mendoza,,,,Paso que comenzó a ser relevado en el 3er trim de 2017
2016-01-01,Puerto de Buenos Aires,21452985.3,78.4,370.9,""
2016-01-01,Cristo Redentor,,,,Paso que comenzó a ser relevado en el 1er trim de 2018
2016-04-01,Ezeiza y Aeroparque,547220608,85.4,1101.7,""
2016-04-01,Aep. Córdoba,8604853.9,61.1,909.8,""
2016-04-01,Aep. Mendoza,,,,Paso que comenzó a ser relevado en el 3er trim de 2017
2016-04-01,Puerto de Buenos Aires,20609992,81.3,358.9,""
2016-04-01,Cristo Redentor,,,,Paso que comenzó a ser relevado en el 1er trim de 2018
2016-07-01,Ezeiza y Aeroparque,667053623.5,89.5,1204.8,""
2016-07-01,Aep. Córdoba,15495882.6,72.8,1106.2,""
2016-07-01,Aep. Mendoza,,,,Paso que comenzó a ser relevado en el 3er trim de 2017
2016-07-01,Puerto de Buenos Aires,30452445.1,91.2,380.2,""
2016-07-01,Cristo Redentor,,,,Paso que comenzó a ser relevado en el 1er trim de 2018
2016-10-01,Ezeiza y Aeroparque,735592987,90.4,1181.3,""
2016-10-01,Aep. Córdoba,19300790.4,102.2,1218.4,""
2016-10-01,Aep. Mendoza,,,,Paso que comenzó a ser relevado en el 3er trim de 2017
2016-10-01,Puerto de Buenos Aires,25981328.6,74.8,374.8,""
2016-10-01,Cristo Redentor,,,,Paso que comenzó a ser relevado en el 1er trim de 2018
2017-01-01,Ezeiza y Aeroparque,797281884.1,85.9,1317.4,""
2017-01-01,Aep. Córdoba,15146471.8,83.5,977.3,""
2017-01-01,Aep. Mendoza,,,,Paso que comenzó a ser relevado en el 3er trim de 2017
2017-01-01,Puerto de Buenos Aires,24430915.6,93.4,514.9,""
2017-01-01,Cristo Redentor,,,,Paso que comenzó a ser relevado en el 1er trim de 2018
2017-04-01,Ezeiza y Aeroparque,580735659.8,89.7,1124.4,""
2017-04-01,Aep. Córdoba,14644954.9,86.9,972,""
2017-04-01,Aep. Mendoza,,,,Paso que comenzó a ser relevado en el 3er trim de 2017
2017-04-01,Puerto de Buenos Aires,26780435.9,82.3,395,""
2017-04-01,Cristo Redentor,,,,Paso que comenzó a ser relevado en el 1er trim de 2018
2017-07-01,Ezeiza y Aeroparque,676603233.7,91.9,1170.5,""
2017-07-01,Aep. Córdoba,19932106.1,75.3,1087.5,""
2017-07-01,Aep. Mendoza,16938338.6,90.3,739.2,""
2017-07-01,Puerto de Buenos Aires,27604689.4,87.4,372.3,""
2017-07-01,Cristo Redentor,,,,Paso que comenzó a ser relevado en el 1er trim de 2018
2017-10-01,Ezeiza y Aeroparque,847394949.9,100.6,1280.5,""
2017-10-01,Aep. Córdoba,22463850.2,91.4,1020.9,""
2017-10-01,Aep. Mendoza,23679848.6,96.8,871.8,""
2017-10-01,Puerto de Buenos Aires,28352362.2,87.5,403.2,""
2017-10-01,Cristo Redentor,,,,Paso que comenzó a ser relevado en el 1er trim de 2018
2018-01-01,Ezeiza y Aeroparque,883762871,96,1420.6,""
2018-01-01,Aep. Córdoba,17896227.3,67,898.6,""
2018-01-01,Aep. Mendoza,29341293.1,110.7,1227.2,""
2018-01-01,Puerto de Buenos Aires,23834677.9,75.4,471.8,""
2018-01-01,Cristo Redentor,42079940.3,59.1,588.6,""
2018-04-01,Ezeiza y Aeroparque,554456232.8,87.5,1059.2,""
2018-04-01,Aep. Córdoba,17364821.5,77.8,911.1,""
2018-04-01,Aep. Mendoza,27931388.6,96.4,963.8,""
2018-04-01,Puerto de Buenos Aires,23187088.8,71.7,414,""
2018-04-01,Cristo Redentor,27685415.5,56,624.9,""
2018-07-01,Ezeiza y Aeroparque,645968231.1,82.3,1070.8,""
2018-07-01,Aep. Córdoba,16605938.6,56.7,722.2,""
2018-07-01,Aep. Mendoza,24870238.8,97.5,802,""
2018-07-01,Puerto de Buenos Aires,29976024.5,69,372,""
2018-07-01,Cristo Redentor,20043280.7,36.3,466.5,""
2018-10-01,Ezeiza y Aeroparque,840800330.1,80.3,1166.8,""
2018-10-01,Aep. Córdoba,21952696.9,66.2,832.1,""
2018-10-01,Aep. Mendoza,32131722.7,97,847,""
2018-10-01,Puerto de Buenos Aires,28776512.6,68.4,415.7,""
2018-10-01,Cristo Redentor,30057154.3,45.3,433.9,""
2019-01-01,Ezeiza y Aeroparque,779679059.5,75.6,1048.7,""
2019-01-01,Aep. Córdoba,14194390.7,47.4,610.6,""
2019-01-01,Aep. Mendoza,33461881.9,101.2,932.5,""
2019-01-01,Puerto de Buenos Aires,15486462.1,58.1,348.7,""
2019-01-01,Cristo Redentor,35510535.5,45.9,476.2,""
2019-04-01,Ezeiza y Aeroparque,634892926.3,87.6,1026.7,""
2019-04-01,Aep. Córdoba,11155383.2,55.6,743,""
2019-04-01,Aep. Mendoza,20008346,111.6,744.7,""
2019-04-01,Puerto de Buenos Aires,20195316.8,60.3,332.4,""
2019-04-01,Cristo Redentor,20528040.6,46,449.2,""
2019-07-01,Ezeiza y Aeroparque,601378413.5,77.2,939.2,""
2019-07-01,Aep. Córdoba,15361756.9,57.6,800.8,""
2019-07-01,Aep. Mendoza,21083663,101.2,740.9,""
2019-07-01,Puerto de Buenos Aires,31223902.2,63.4,385,""
2019-07-01,Cristo Redentor,18787397.2,36.2,358.6,""
2019-10-01,Ezeiza y Aeroparque,791554605.1,83.3,1105.9,""
2019-10-01,Aep. Córdoba,18659779.8,43.8,938,""
2019-10-01,Aep. Mendoza,27570095.6,104.3,834.6,""
2019-10-01,Puerto de Buenos Aires,27663552.2,72.8,401.7,""
2019-10-01,Cristo Redentor,38504623.6,44.6,455.3,""
2020-01-01,Ezeiza y Aeroparque,639174686.5,74.5,1075.2,""
2020-01-01,Aep. Córdoba,13432967.3,51.2,809.1,""
2020-01-01,Aep. Mendoza,20805682.3,103.2,900.3,""
2020-01-01,Puerto de Buenos Aires,17651154.5,73.5,511.5,""
2020-01-01,Cristo Redentor,38817992,43.5,420.8,""
2020-04-01,Ezeiza y Aeroparque,0,0,0,Paso cerrado por las medidas de contención de la COVID 19
2020-04-01,Aep. Córdoba,0,0,0,Paso cerrado por las medidas de contención de la COVID 19
2020-04-01,Aep. Mendoza,0,0,0,Paso cerrado por las medidas de contención de la COVID 19
2020-04-01,Puerto de Buenos Aires,0,0,0,Paso cerrado por las medidas de contención de la COVID 19
2020-04-01,Cristo Redentor,0,0,0,Paso cerrado por las medidas de contención de la COVID 19
2020-07-01,Ezeiza y Aeroparque,,,,"Dato no conocido, debido a que no se pudo realizar el relevamiento por las medidas de contención de la COVID 19"
2020-07-01,Aep. Córdoba,,,,"Dato no conocido, debido a que no se pudo realizar el relevamiento por las medidas de contención de la COVID 19"
2020-07-01,Aep. Mendoza,,,,"Dato no conocido, debido a que no se pudo realizar el relevamiento por las medidas de contención de la COVID 19"
2020-07-01,Puerto de Buenos Aires,,,,"Dato no conocido, debido a que no se pudo realizar el relevamiento por las medidas de contención de la COVID 19"
2020-07-01,Cristo Redentor,,,,"Dato no conocido, debido a que no se pudo realizar el relevamiento por las medidas de contención de la COVID 19"
2020-10-01,Ezeiza y Aeroparque,,,,"Dato no conocido, debido a que no se pudo realizar el relevamiento por las medidas de contención de la COVID 19"
2020-10-01,Aep. Córdoba,,,,"Dato no conocido, debido a que no se pudo realizar el relevamiento por las medidas de contención de la COVID 19"
2020-10-01,Aep. Mendoza,,,,"Dato no conocido, debido a que no se pudo realizar el relevamiento por las medidas de contención de la COVID 19"
2020-10-01,Puerto de Buenos Aires,,,,"Dato no conocido, debido a que no se pudo realizar el relevamiento por las medidas de contención de la COVID 19"
2020-10-01,Cristo Redentor,,,,"Dato no conocido, debido a que no se pudo realizar el relevamiento por las medidas de contención de la COVID 19"
2021-01-01,Ezeiza y Aeroparque,42610305.3,21.6,941.1,""
2021-01-01,Aep. Córdoba,,,,"Dato no conocido, debido a que no se pudo realizar el relevamiento por las medidas de contención de la COVID 19"
2021-01-01,Aep. Mendoza,,,,"Dato no conocido, debido a que no se pudo realizar el relevamiento por las medidas de contención de la COVID 19"
2021-01-01,Puerto de Buenos Aires,,,,"Dato no conocido, debido a que no se pudo realizar el relevamiento por las medidas de contención de la COVID 19"
2021-01-01,Cristo Redentor,,,,"Dato no conocido, debido a que no se pudo realizar el relevamiento por las medidas de contención de la COVID 19"
2021-04-01,Ezeiza y Aeroparque,,,,"Dato no conocido, debido a que no se pudo realizar el relevamiento por las medidas de contención de la COVID 19"
2021-04-01,Aep. Córdoba,,,,"Dato no conocido, debido a que no se pudo realizar el relevamiento por las medidas de contención de la COVID 19"
2021-04-01,Aep. Mendoza,,,,"Dato no conocido, debido a que no se pudo realizar el relevamiento por las medidas de contención de la COVID 19"
2021-04-01,Puerto de Buenos Aires,,,,"Dato no conocido, debido a que no se pudo realizar el relevamiento por las medidas de contención de la COVID 19"
2021-04-01,Cristo Redentor,,,,"Dato no conocido, debido a que no se pudo realizar el relevamiento por las medidas de contención de la COVID 19"
2021-07-01,Ezeiza y Aeroparque,,,,"Dato no conocido, debido a que no se pudo realizar el relevamiento por las medidas de contención de la COVID 19"
2021-07-01,Aep. Córdoba,,,,"Dato no conocido, debido a que no se pudo realizar el relevamiento por las medidas de contención de la COVID 19"
2021-07-01,Aep. Mendoza,,,,"Dato no conocido, debido a que no se pudo realizar el relevamiento por las medidas de contención de la COVID 19"
2021-07-01,Puerto de Buenos Aires,,,,"Dato no conocido, debido a que no se pudo realizar el relevamiento por las medidas de contención de la COVID 19"
2021-07-01,Cristo Redentor,,,,"Dato no conocido, debido a que no se pudo realizar el relevamiento por las medidas de contención de la COVID 19"
2021-10-01,Ezeiza y Aeroparque,154275403.4,62.6,1254.6,""
2021-10-01,Aep. Córdoba,899580.4,33,643,""
2021-10-01,Aep. Mendoza,4236882.9,69.5,810.3,""
2021-10-01,Puerto de Buenos Aires,9369277.1,75.1,583.5,""
2021-10-01,Cristo Redentor,1350803.2,24.8,440.4,""
2022-01-01,Ezeiza y Aeroparque,362852974.7,53.9,1222.2,""
2022-01-01,Aep. Córdoba,6900822.5,46.8,950.9,""
2022-01-01,Aep. Mendoza,14179308.9,67.7,1077.5,""
2022-01-01,Puerto de Buenos Aires,17616019.4,67.1,747.6,""
2022-01-01,Cristo Redentor,12072438.1,40.4,642.1,""
2022-04-01,Ezeiza y Aeroparque,417270486.2,68.4,1215.5,""
2022-04-01,Aep. Córdoba,8271133.9,50.4,1192.8,""
2022-04-01,Aep. Mendoza,11675110.7,92.3,879.1,""
2022-04-01,Puerto de Buenos Aires,35837983.7,86.5,593.2,""
2022-04-01,Cristo Redentor,16790348.8,56.7,533.6,""
2022-07-01,Ezeiza y Aeroparque,473633646.6,81.3,1201.8,""
2022-07-01,Aep. Córdoba,10331781.3,59.3,967.6,""
2022-07-01,Aep. Mendoza,21863789.8,109,964.8,""
2022-07-01,Puerto de Buenos Aires,50138556.9,100,587.2,""
2022-07-01,Cristo Redentor,15858713.7,47.5,486.3,""
2022-10-01,Ezeiza y Aeroparque,576344757.9,77.6,1129.6,""
2022-10-01,Aep. Córdoba,12780013.1,62.7,931.5,""
2022-10-01,Aep. Mendoza,33856223.6,128.3,1224.7,""
2022-10-01,Puerto de Buenos Aires,42338197.1,95.8,589.6,""
2022-10-01,Cristo Redentor,25493081.5,50.7,400.6,""
2023-01-01,Ezeiza y Aeroparque,740679572.5,68.8,1180.1,""
2023-01-01,Aep. Córdoba,18595003.6,59.7,1062.1,""
2023-01-01,Aep. Mendoza,57560069.1,153.5,1672,""
2023-01-01,Puerto de Buenos Aires,41648192.5,83.2,671.2,""
2023-01-01,Cristo Redentor,41654560.1,55.1,477.3,""
2023-04-01,Ezeiza y Aeroparque,514858752.7,74.1,985.8,""
2023-04-01,Aep. Córdoba,14915972.3,66.7,1065.3,""
2023-04-01,Aep. Mendoza,43238775.8,168.2,1243,""
2023-04-01,Puerto de Buenos Aires,57557220,86.8,551.2,""
2023-04-01,Cristo Redentor,28573581.6,64.3,377.3,""
2023-07-01,Ezeiza y Aeroparque,601161064.3,78.8,973.7,""
2023-07-01,Aep. Córdoba,11680203.3,51.3,817.5,""
2023-07-01,Aep. Mendoza,45258405.9,132.5,1042.7,""
2023-07-01,Puerto de Buenos Aires,60837345.3,97.2,499.9,""
2023-07-01,Cristo Redentor,6938884,44.3,523.8,""
2023-10-01,Ezeiza y Aeroparque,811062688.8,77.5,1143.9,""
2023-10-01,Aep. Córdoba,10526605.9,39.5,673.3,""
2023-10-01,Aep. Mendoza,46732169.8,139.3,1156.7,""
2023-10-01,Puerto de Buenos Aires,54356622.9,95.6,543.5,""
2023-10-01,Cristo Redentor,17358256.8,65.1,518.2,""
2024-01-01,Ezeiza y Aeroparque,770630100.9,66.9,1005.3,""
2024-01-01,Aep. Córdoba,11556623.4,30.2,598.8,""
2024-01-01,Aep. Mendoza,54473772.7,127,1229.8,""
2024-01-01,Puerto de Buenos Aires,42682177.3,67.2,555.7,""
2024-01-01,Cristo Redentor,21595955.1,53.9,512.1,""
2024-04-01,Ezeiza y Aeroparque,515356576.4,74.7,969.8,""
2024-04-01,Aep. Córdoba,9153232.3,43.8,676.1,""
2024-04-01,Aep. Mendoza,44139731.3,128.4,1040.3,""
2024-04-01,Puerto de Buenos Aires,26342519.5,75.5,451.9,""
2024-04-01,Cristo Redentor,9303124.1,42.3,431.1,""
2024-07-01,Ezeiza y Aeroparque,570791104.2,81.5,972.9,""
2024-07-01,Aep. Córdoba,12302709.6,57.3,918,""
2024-07-01,Aep. Mendoza,41178121.5,108.9,912.7,""
2024-07-01,Puerto de Buenos Aires,41257112.9,92.1,494.6,""
2024-07-01,Cristo Redentor,9043315.1,35.4,379.2,""
2024-10-01,Ezeiza y Aeroparque,725771155.7,85.8,1134.4,""
2024-10-01,Aep. Córdoba,13249809.8,57.9,851.5,""
2024-10-01,Aep. Mendoza,41667631.9,126.2,989.1,""
2024-10-01,Puerto de Buenos Aires,37591288.3,77.9,502.2,""
2024-10-01,Cristo Redentor,22365647.7,48.3,495.8,""
2025-01-01,Ezeiza y Aeroparque,778018903.6,78.5,1226.5,""
2025-01-01,Aep. Córdoba,11555843,30.8,608.3,""
2025-01-01,Aep. Mendoza,51892833.5,129,1300.3,""
2025-01-01,Puerto de Buenos Aires,31615007.3,67.8,556.6,""
2025-01-01,Cristo Redentor,24036469.7,45.6,480.3,""
2025-04-01,Ezeiza y Aeroparque,534798820.8,85.5,1158.4,""
2025-04-01,Aep. Córdoba,12459559.7,57.1,932,""
2025-04-01,Aep. Mendoza,37705225.3,130,1100.3,""
2025-04-01,Puerto de Buenos Aires,24888712.6,72.2,419.9,""
2025-04-01,Cristo Redentor,11576365.9,45.7,466.8,""
2025-07-01,Ezeiza y Aeroparque,574630140.9,84.9,1117.6,""
2025-07-01,Aep. Córdoba,13980693.2,63.6,827.3,""
2025-07-01,Aep. Mendoza,36445069.2,137.8,972.8,""
2025-07-01,Puerto de Buenos Aires,38868856.9,82.7,496.3,""
2025-07-01,Cristo Redentor,10522748.9,46.3,446.5,""
2025-10-01,Ezeiza y Aeroparque,799566965.1,91.1,1247.5,""
2025-10-01,Aep. Córdoba,21458698.6,69.7,936.5,""
2025-10-01,Aep. Mendoza,37011856.9,121.1,995.4,""
2025-10-01,Puerto de Buenos Aires,40123804.9,96.3,540.1,""
2025-10-01,Cristo Redentor,18796446.3,46.6,504.6,""
