indice_tiempo,ipc_nivel_general_nacional,ipc_nivel_general_nacional_var_pct,ipc_nivel_general_nacional_var_pct_ia
2016-12-01,100.0,,
2017-01-01,101.5859,0.015858999999999845,
2017-02-01,103.6859,0.020672160211210544,
2017-03-01,106.1476,0.023741897403600554,
2017-04-01,108.9667,0.026558301836310916,
2017-05-01,110.5301,0.014347502493881281,
2017-06-01,111.8477,0.011920734713892323,
2017-07-01,113.7852,0.017322662871029015,
2017-08-01,115.3819,0.014032580687119323,
2017-09-01,117.5719,0.01898044667317844,
2017-10-01,119.3528,0.015147326869770827,
2017-11-01,120.994,0.013750829473627713,
2017-12-01,124.7956,0.031419739821809234,0.24795599999999993
2018-01-01,126.9887,0.01757353624647018,0.250062262577779
2018-02-01,130.0606,0.024190341345332378,0.25437113435867353
2018-03-01,133.1054,0.023410625508416993,0.2539652333166271
2018-04-01,136.7512,0.027390323758465174,0.2549815677633626
2018-05-01,139.5893,0.020753748413176565,0.2629075699741519
2018-06-01,144.8053,0.03736676091935398,0.29466497746489184
2018-07-01,149.2966,0.031016129934470893,0.31209155496496915
2018-08-01,155.1034,0.038894388753662135,0.34426110161125784
2018-09-01,165.2383,0.06534286160071301,0.4054234047421196
2018-10-01,174.1473,0.05391607151610733,0.4590968959253574
2018-11-01,179.6388,0.0315336499618426,0.48469180289931735
2018-12-01,184.2552,0.02569823445714392,0.47645590068880644
2019-01-01,189.6101,0.029062409093474573,0.4931257663083408
2019-02-01,196.7501,0.03765622189957196,0.5127571301377974
2019-03-01,205.9571,0.04679540188289599,0.5473233993511908
2019-04-01,212.9596414,0.03400000000000003,0.5572780450921089
2019-05-01,219.5691,0.03103620271216312,0.5729651198193556
2019-06-01,225.537,0.02718005402399526,0.5575189582149274
2019-07-01,230.494,0.02197865538692101,0.5438663707010072
2019-08-01,239.6077,0.03953985787048686,0.5448255808705676
2019-09-01,253.7102,0.05885662272122305,0.5354200569722635
2019-10-01,262.0661,0.032934820909841234,0.5048530755285899
2019-11-01,273.2158,0.04254537309480311,0.5209175300658877
2019-12-01,283.4442,0.03743707355138337,0.5383240201633388
2020-01-01,289.8299,0.022528949260559816,0.5285572867690066
2020-02-01,295.666,0.020136293736429556,0.5027489185520109
2020-03-01,305.5515,0.03343468643672254,0.483568665513352
2020-04-01,310.1243,0.014965725908725691,0.45625855660367387
2020-05-01,314.9087,0.015427362512386189,0.4342122821471693
2020-06-01,321.9738,0.022435391591276943,0.42758749118769857
2020-07-01,328.2014,0.019341946456512993,0.4239043098735758
2020-08-01,337.0632,0.027001103590661213,0.40672941645865307
2020-09-01,346.6207,0.028355216469789557,0.3662071923005067
2020-10-01,359.657,0.03760969843982198,0.37239040074240803
2020-11-01,371.0211,0.03159704941096653,0.3579781989182177
2020-12-01,385.8826,0.04005567338353533,0.36140587812345426
2021-01-01,401.5071,0.0404902941982872,0.38531980309829994
2021-02-01,415.8595,0.0357463168148211,0.40651782754865295
2021-03-01,435.8657,0.04810807496281799,0.4264884970291425
2021-04-01,453.6503,0.040802935399596674,0.4628015282904307
2021-05-01,468.725,0.03322978073639549,0.48844728646747454
2021-06-01,483.6049,0.0317454797589205,0.502000783914716
2021-07-01,498.0987,0.029970333220362466,0.5176617162510582
2021-08-01,510.3942,0.024684866674014705,0.5142388727099251
2021-09-01,528.4968,0.03546787953311381,0.524712170969593
2021-10-01,547.0802,0.0351627483837178,0.5211165082286735
2021-11-01,560.9184,0.025294646013509503,0.5118234515503297
2021-12-01,582.4575,0.03839970305841267,0.5094163354346631
2022-01-01,605.0317,0.03875681916706375,0.5069016214159103
2022-02-01,633.4341,0.046943656010089985,0.5231925686439769
2022-03-01,676.0566,0.06728797833902544,0.5510663032213822
2022-04-01,716.9399,0.06047319114997163,0.5803800857180078
2022-05-01,753.147,0.050502280595626114,0.6067992959624513
2022-06-01,793.0278,0.05295221251628157,0.6398258164877981
2022-07-01,851.761,0.07406196857159353,0.7100245393131922
2022-08-01,911.1316,0.06970335575355069,0.7851527309675541
2022-09-01,967.3076,0.061655198875771644,0.8302998239535224
2022-10-01,1028.706,0.0634735010869345,0.8803568471313711
2022-11-01,1079.2787,0.049161470818679165,0.9241278232270506
2022-12-01,1134.5875,0.051246077588670946,0.9479318233519186
2023-01-01,1202.979,0.060278735663842564,0.9882908614540363
2023-02-01,1282.7091,0.0662772168092709,1.025007968469017
2023-03-01,1381.1601,0.07675239849783555,1.042965189600989
2023-04-01,1497.2147,0.08402689883670966,1.088340598702904
2023-05-01,1613.5895,0.07772752965890595,1.1424628923702809
2023-06-01,1709.6115,0.05950831980500615,1.1558027347843292
2023-07-01,1818.0838,0.06344850862315798,1.1344999360149153
2023-08-01,2044.2832,0.12441637728689958,1.2436750080888426
2023-09-01,2304.9242,0.12749750132466953,1.382824450050842
2023-10-01,2496.273,0.08301739380410011,1.426614601256336
2023-11-01,2816.0628,0.1281069017691574,1.6092081683813457
2023-12-01,3533.1922,0.2546567498423684,2.114076437471768
2024-01-01,4261.5324,0.20614225288961063,2.542482786482557
2024-02-01,4825.7881,0.1324067605352477,2.7621843487350324
2024-03-01,5357.0929,0.11009700156540236,2.8786907470031893
2024-04-01,5830.2271,0.08831920760605083,2.8940487960744705
2024-05-01,6073.7,0.04176044874821416,2.764092416317781
2024-06-01,6351.7145,0.04577349885572235,2.71529701338579
2024-07-01,6607.7479,0.04030933695146399,2.6344572785918885
2024-08-01,6883.4412,0.04172273279372529,2.3671661538870934
2024-09-01,7122.2421,0.034692081048066425,2.09001141989832
2024-10-01,7313.9542,0.026917380413114644,1.9299496489366346
2024-11-01,7491.4314,0.02426556075508368,1.6602501194220525
2024-12-01,7694.0075,0.02704104051463374,1.1776362746413853
2025-01-01,7864.1257,0.022110480136651844,0.8453750815082386
2025-02-01,8052.9927,0.02401627430751785,0.6687414642180415
2025-03-01,8353.3158,0.03729335306612169,0.5593001569937308
2025-04-01,8585.6078,0.027808358448509596,0.4726026366966048
2025-05-01,8714.4871,0.015011086343823088,0.4347905066104682
2025-06-01,8855.5681,0.016189248819933333,0.3942012192141193
2025-07-01,9023.973,0.01901683755331285,0.3656654485864994
2025-08-01,9193.2441,0.018757935113502766,0.3355593275061316
2025-09-01,9384.0922,0.020759603239513646,0.3175755707602243
2025-10-01,9603.8623,0.023419431023919524,0.31308756349609085
2025-11-01,9841.3581,0.02472919671078566,0.31368193533748423
2025-12-01,10121.3715,0.028452719345717137,0.3154876051264571
2026-01-01,10413.0309,0.02881619353661713,0.32411806438953544
2026-02-01,10714.6255,0.02896319072672693,0.3305147414327099
2026-03-01,11077.0608,0.0338262219244152,0.3260675239884979
2026-04-01,11363.0904,0.025821795615674548,0.3235044815347842
2026-05-01,11607.3937,0.021499723349908573,0.331965216862849
2026-06-01,11826.4103,0.018868714688293764,0.33547731398508457
2026-07-01,12076.3937,0.021137724267861868,0.3382568520539679
2026-08-01,12276.766,0.016592064235202875,0.3354117291414028
