indice_tiempo,produccion_gas_natural_cuenca_austral,produccion_gas_natural_cuenca_gsj,produccion_gas_natural_cuenca_neuquina,produccion_gas_natural_cuenca_noroeste,produccion_gas_natural_cuenca_cuyana,produccion_gas_natural_total,produccion_gas_natural_total_diario,produccion_shale_gas,produccion_tight_gas,participacion_no_convencional
2006-01,856179.0548,357316.6790,2401346.6020,609196.2466,5201.6404,4229240.2228,136.4271,16.384,32491.62664,0.7686
2006-02,779265.9292,309565.3828,2288114.6045,532122.4430,4273.6100,3913341.9695,139.7622,13.954,30778.94772,0.7869
2006-03,807060.6516,384218.4085,2507931.8409,588406.1140,5135.2570,4292752.2720,138.4759,18.104,33024.46882,0.7697
2006-04,855962.9924,376149.2286,2395268.9412,570671.5738,4986.4970,4203039.2330,140.1013,19.627,31342.49019,0.7462
2006-05,905943.5735,409186.6946,2571094.7700,562752.1099,5265.7730,4454242.9210,143.6853,19.016,39199.71537,0.8805
2006-06,899953.7370,369520.1646,2545313.2836,564385.9396,5026.6180,4384199.7428,146.1400,17.952,38106.87557,0.8696
2006-07,928197.4133,406351.7207,2628112.2978,577643.2764,5461.1480,4545765.8562,146.6376,190.533,37357.50691,0.8260
2006-08,934321.6548,444712.3224,2603930.5671,604505.7589,5413.7580,4592884.0612,148.1576,214.513,38219.93880,0.8368
2006-09,845728.5839,435912.7834,2505231.4657,617808.2044,4842.4140,4409523.4514,146.9841,198.264,36661.45715,0.8359
2006-10,851540.1930,436686.7211,2495613.4746,629452.6656,5131.5590,4418424.6133,142.5298,146.465,38518.32538,0.8751
2006-11,819035.8164,375484.9937,2363692.4336,603020.3122,5563.5370,4166797.0929,138.8932,206.376,35270.78721,0.8514
2006-12,818328.3274,407262.9753,2467957.2143,588563.4196,5299.7000,4287411.6366,138.3036,220.764,37954.76500,0.8904
2007-01,802719.6766,403686.6270,2402256.0861,587197.7912,5145.0189,4201005.1998,135.5163,160.045,34597.97577,0.8274
2007-02,662014.5435,401804.2857,2181664.9233,526640.9923,4826.9099,3776951.6547,134.8911,130.789,30597.61690,0.8136
2007-03,794928.7435,459628.2446,2487339.0196,534732.2120,5257.2507,4281885.4704,138.1253,129.043,29757.28007,0.6980
2007-04,813831.9893,423504.5608,2490478.1484,536857.8436,5260.4229,4269932.9650,142.3311,117.428,30394.99771,0.7146
2007-05,874223.6548,429856.2152,2646220.9789,524837.6788,5064.3899,4480202.9176,144.5227,14.237,35002.10938,0.7816
2007-06,789827.8569,414714.5744,2571796.3800,540901.9931,4718.9822,4321959.7866,144.0653,14.381,31974.14293,0.7401
2007-07,807442.9250,407909.0604,2666046.0481,601803.5531,4908.6692,4488110.2558,144.7778,285.546,40619.50817,0.9114
2007-08,802565.7239,420742.0685,2630872.7570,594543.2927,4551.6867,4453275.5288,143.6540,192.622,39567.62856,0.8928
2007-09,758913.3621,417441.2958,2527932.4700,617946.8926,4686.7224,4326920.7429,144.2307,168.927,36221.04112,0.8410
2007-10,760255.0888,418309.9979,2455988.2084,590403.6234,4867.5965,4229824.5150,136.4460,130.084,37345.01372,0.8860
2007-11,671404.3346,391833.2473,2364882.6086,571726.5612,4683.4848,4004530.2365,133.4843,279.894,34925.74344,0.8791
2007-12,729207.0034,427485.6566,2505607.2909,599895.9902,4621.8782,4266817.8193,137.6393,84.155,38082.82426,0.8945
2008-01,717540.4945,435400.6935,2415113.0804,593627.1593,4580.8024,4166262.2301,134.3956,59.463,36364.8664,0.8743
2008-02,658337.2303,412363.9964,2320226.1947,555267.0112,4436.0707,3950630.5033,136.2286,73.486,34535.44475,0.8760
2008-03,756101.5195,423487.0234,2507437.4535,593898.8899,4656.5616,4285581.4479,138.2446,83.774,40866.78528,0.9555
2008-04,752520.5861,425055.1583,2393115.7574,560922.2662,4397.7192,4136011.4872,137.8670,5.676,44647.56136819,1.0796
2008-05,716317.5511,305660.1210,2531056.6267,589434.6121,4706.9273,4147175.8382,133.7799,16.678,46997.80365,1.1337
2008-06,795387.9113,371246.1008,2495989.0238,584489.9644,4690.4752,4251803.4755,141.7268,116.097,50739.83499,1.1961
2008-07,854641.0568,418236.9598,2580977.2450,603780.3062,5029.3602,4462664.9280,143.9569,193.091,59405.3895,1.3355
2008-08,859147.6489,438369.1443,2582675.5442,590947.7363,5094.9095,4476234.9832,144.3947,963.973,62441.41308,1.4165
2008-09,779700.4635,427352.9665,2517191.4185,559118.2325,4898.3629,4288261.4439,142.9420,888.287,73487.21939,1.7344
2008-10,786082.2378,447322.5934,2475496.0847,567699.0051,5133.6841,4281733.6051,138.1204,882.893,86691.50828,2.0453
2008-11,732379.8693,427905.4627,2363532.0138,536045.6393,4933.2316,4064796.2167,135.4932,843.723,82477.67714,2.0498
2008-12,727670.5974,434688.4301,2398541.9800,544927.7851,5183.8545,4111012.6471,132.6133,932.747,84166.59825,2.0700
2009-01,759716.1344,432277.9948,2329856.0766,540776.0169,5301.0548,4067927.2775,131.2235,940.709,87738.53725,2.1800
2009-02,717881.3372,403683.4941,2093354.6757,500519.4362,4745.4330,3720184.3762,132.8637,668.866,83037.48309,2.2501
2009-03,794353.5477,456116.9229,2399335.7471,541471.6198,5239.2870,4196517.1245,135.3715,691.808,95699.57064,2.2969
2009-04,833362.6186,443753.9940,2301941.1100,480836.2220,5012.5937,4064906.5383,135.4969,670.323,88561.80912,2.1952
2009-05,824889.0721,461795.1747,2365003.2690,539842.6656,5084.6020,4196614.7834,135.3747,788.313,92153.02614,2.2147
2009-06,870544.4451,431015.9732,2336595.4520,525167.1148,4435.7818,4167758.7669,138.9253,833.567,88528.97869,2.1441
2009-07,901966.9820,463195.1372,2377104.8182,537320.1471,4712.7181,4284299.8026,138.2032,832.391,83683.96511,1.9727
2009-08,785769.9373,366947.3733,2317178.3680,542250.9192,4976.7352,4017123.3330,129.5846,677.294,83329.02305,2.0912
2009-09,870329.7289,433828.7130,2173254.7025,512385.5495,4635.9940,3994434.6879,133.1478,712.804,85043.48221,2.1469
2009-10,882167.6534,452162.2419,2241361.9710,535961.1641,5176.6060,4116829.6364,132.8010,704.131,90233.68722,2.2089
2009-11,839937.5366,421270.1840,1955164.2503,508462.1601,5092.2430,3729926.3740,124.3309,936.856,71524.65555,1.9427
2009-12,836672.7945,425345.0725,2081578.4735,515385.4917,5108.4780,3864090.3102,124.6481,1635.647,71580.13865,1.8948
2010-01,812268.8840,441688.0789,2126799.6887,498170.9253,5130.9580,3884058.5349,125.2922,1477.661,84617.26415,2.2166
2010-02,789114.5140,402232.4624,1986150.3506,441639.6220,4643.5370,3623780.4860,129.4207,1372.186,80117.83159,2.2488
2010-03,869895.2808,444158.5956,2161598.4395,462523.9827,4988.8080,3943165.1066,127.1989,1590.826,95603.67242,2.4649
2010-04,814862.0449,413538.6041,2117300.7666,464200.8477,4764.6610,3814666.9243,127.1556,444.031,92162.05588,2.4276
2010-05,896859.3673,458271.9892,2272074.6825,475080.9789,4902.5520,4107189.5699,132.4900,453.811,99003.27681,2.4215
2010-06,900910.5289,446890.5000,2189794.9604,460730.2763,4524.2860,4002850.5516,133.4284,472.648,102937.14067,2.5834
2010-07,988388.4605,460651.2402,2241377.8409,465685.7220,4510.3360,4160613.5996,134.2133,774.885,106785.13486,2.5852
2010-08,969696.4967,452112.0446,2273487.1450,451986.9431,5124.5400,4152407.1694,133.9486,928.884,110609.18796,2.6861
2010-09,882851.5307,440381.3899,2184110.9441,426391.1466,5068.9190,3938803.9303,131.2935,1328.842,109615.11695,2.8167
2010-10,866665.9983,459509.1879,2196858.0078,434775.7528,5360.3790,3963169.3258,127.8442,1717.174,120278.29632,3.0782
2010-11,801749.6882,438695.6791,2063264.6228,403292.1944,5024.6180,3712026.8025,123.7342,1678.374,110827.01990,3.0308
2010-12,842429.4122,372733.9697,2168204.4953,418618.4244,5138.0550,3807124.3566,122.8105,857.996,127861.94961,3.3810
2011-01,817460.7924,434487.0204,2149445.2098,410366.7451,5200.9490,3816960.7167,123.1278,808.604,129779.15835,3.4212
2011-02,759456.8589,394395.8475,1935243.6604,363095.2052,4812.8920,3457004.4640,123.4644,841.677,109672.09035,3.1968
2011-03,801917.9607,431436.4029,2135248.5830,394315.8170,5209.2590,3768128.0226,121.5525,749.751,126902.00904,3.3877
2011-04,907759.4501,303311.0634,2037230.9916,359534.5635,4890.6540,3612726.7226,120.4242,503.530,135055.96394,3.7523
2011-05,950930.3061,358491.2572,2153042.4003,406850.9324,5167.9490,3874482.8450,124.9833,784.808,150174.44303,3.8962
2011-06,948179.1963,354322.7641,2115339.4562,394765.7343,4914.5820,3817521.7329,127.2507,872.089,155630.69385,4.0996
2011-07,948253.7024,400354.4784,2169809.3381,398110.3716,4985.4190,3921513.3095,126.5004,811.159,163052.55086,4.1786
2011-08,971320.5982,428667.8844,2158882.6967,395816.9445,5086.7820,3959774.9058,127.7347,3135.764,172051.27326,4.4242
2011-09,936804.2774,427499.8053,2071605.4721,376992.3787,5142.8370,3818044.7705,127.2682,5206.409,172247.06709,4.6478
2011-10,961561.8831,448991.4041,2126906.4043,378450.4955,5411.5640,3921321.7510,126.4943,5803.203,171200.78406,4.5139
2011-11,890280.7942,435006.4146,2049615.3814,362175.2741,5320.1110,3742397.9753,124.7466,3769.137,168778.95297,4.6106
2011-12,924433.6578,462959.4379,2056919.1469,368141.6459,5263.5430,3817717.4315,123.1522,3836.992,178363.23520,4.7725
2012-01,916842.8194,457344.5453,2078519.0617,356457.9645,4934.1130,3814098.5039,123.0354,4538.968,171302.14647,4.6103
2012-02,836846.5494,419973.9454,1874599.9559,329993.4355,4836.6340,3466250.5202,119.5259,5045.536,163886.15130,4.8736
2012-03,901284.4058,445186.8060,2053269.3908,347823.5733,5044.1740,3752608.3499,121.0519,5607.791000,178753.45731,4.9129
2012-04,938361.8997,419570.2981,1979460.1550,331074.1446,4840.1080,3673306.6054,122.4436,5770.06381,184314.38145,5.1748
2012-05,963599.4438,445708.3915,2050498.9859,331559.4407,5014.6610,3796380.9229,122.4639,6230.44081,203374.42381,5.5212
2012-06,933002.6977,409984.0853,1983296.1946,317427.7008,4893.4730,3648604.1514,121.6201,8302.02384,196598.1103311,5.6158
2012-07,965344.0647,431761.8020,2039271.5100,323597.0068,4980.7060,3764955.0895,121.4502,7325.53887,207772.47617,5.7132
2012-08,944230.3576,448078.6092,2049986.1124,316974.7955,5054.3670,3764324.2417,121.4298,6817.81113,206996.02840,5.6800
2012-09,930512.4431,436694.7438,1961678.1489,304504.2897,4520.2170,3637909.8425,121.2637,7240.4697000,204677.0819300,5.8253
2012-10,955992.9111,447445.6170,1995900.1465,308007.0980,4722.5350,3712068.3076,119.7441,7731.54589,205956.86075,5.7566
2012-11,906582.9173,427209.5447,1888202.6857,289323.9974,4605.6780,3515924.8231,117.1975,7022.69127,201931.48583,5.9431
2012-12,942803.3941,430517.4957,1902760.1790,296058.1923,4841.5010,3576980.7621,115.3865,6781.04520,207916.45784,6.0022
2013-01,905951.8590,433188.9055,1911158.5820,298555.7765,4897.8510,3553752.9740,114.6372,8286.13250,207249.85616,6.0650
2013-02,836813.7078,390128.4353,1730463.2752,265586.3518,4580.8620,3227572.6321,115.2705,8415.22900,187837.05007,6.0805
2013-03,833484.7273,438624.2101,1890443.0803,292045.4079,5149.4580,3459746.8836,111.6047,15099.77990,208015.81683,6.4489
2013-04,845537.5349,426356.1834,1833650.6524,265051.1194,4835.7670,3375431.2571,112.5144,15012.144300,199963.21751,6.3688
2013-05,899735.6445,451464.1979,1907538.2308,284339.3666,4786.3542,3547863.7940,114.4472,15354.19962000,207799.84281000,6.2898
2013-06,891034.9310,433708.5290,1856026.8545,265747.4184,4760.8070,3451278.5399,115.0426,13191.939313,202541.69676,6.2508
2013-07,911192.9102,442336.1883,1921949.1158,268098.8411,4859.7153,3548436.7707,114.4657,16126.32351,224661.22152,6.7857
2013-08,911663.6706,444888.7982,1946147.5754,265934.5041,4759.0320,3573393.5803,115.2708,19036.86860,235312.39618,7.1179
2013-09,874638.6116,437829.7194,1884491.4980,259761.7254,4737.2151,3461458.7695,115.3820,18236.3633,242207.68314,7.5241
2013-10,884627.8024,451378.0575,1944958.7774,265892.1032,4964.0628,3551820.8033,114.5749,19158.02624,261868.31594,7.9122
2013-11,851271.5947,437140.6174,1884917.3420,262482.6317,4881.6610,3440693.8468,114.6898,20126.185100,268941.06057,8.4014
2013-12,867883.4269,447097.8730,1930285.2207,266703.0834,4914.7020,3516884.3060,113.4479,22123.144180,301745.8253,9.2090
2014-01,885167.3714,442014.6605,1944919.8742,263495.3680,4599.6114,3540196.8855,114.1999,23465.959800,314046.25217,9.5337
2014-02,793800.6656,403246.2098,1756760.5258,233504.3885,4352.7275,3191664.5172,113.9880,22807.990191,284537.6229,9.6296
2014-03,879715.0346,453502.3597,1885451.2988,254380.6826,4891.7040,3477941.0797,112.1916,24844.175160,311893.0630,9.6821
2014-04,740749.0121,438266.3703,1833150.2857,239112.5697,4763.2185,3256041.4563,108.5347,30990.912010,313487.91707,10.5797
2014-05,880061.9141,445484.1645,1966217.6289,247344.8389,4877.9888,3543986.5352,114.3221,39014.194660,357115.97376,11.1775
2014-06,848265.7895,432434.9751,1911306.0083,237460.6854,4728.3365,3434195.7948,114.4732,39653.140640,355789.75529,11.5149
2014-07,882226.6256,453053.2659,1992592.5021,241655.8747,4842.5747,3574370.8430,115.3023,44968.023080,387729.07552,12.1055
2014-08,859558.3476,446185.4299,2008571.8115,239866.4657,4698.5685,3558880.6232,114.8026,49546.221800,414631.87925,13.0428
2014-09,833190.2608,441576.7797,1945944.6382,232421.3481,4592.7158,3457725.7426,115.2575,55184.721070,403234.67473,13.2578
2014-10,785702.1865,455786.9061,2000204.1398,237126.5741,4716.0452,3483535.8517,112.3721,61791.350330,419894.9813,13.8275
2014-11,804764.9916,434506.6603,1948003.0075,227522.7475,4644.1054,3419441.5123,113.9814,64556.7877,424177.0156,14.2928
2014-12,823253.7712,457936.3602,2023821.0798,239382.4161,4688.6722,3549082.2995,114.4865,75987.698900,444228.0848,14.6578
2015-01,843560.7454,469749.6085,2032204.2648,245215.1120,4682.0369,3595411.7676,115.9810,83849.168750,463858.85673,15.2335
2015-02,730664.9453,429176.5161,1846162.3823,219207.6163,4173.3553,3229384.8153,115.3352,75791.719590,419732.77540,15.3442
2015-03,818581.1962,475897.9293,2073525.4554,239574.3914,4636.2345,3612215.2068,116.5231,81718.086740,487763.53402,15.7654
2015-04,801951.7498,466023.0513,2007368.6215,235939.4585,4369.5897,3515652.4708,117.1884,81379.497970,485845.61662,16.1343
2015-05,854131.9181,470973.7443,2094557.7843,245689.7106,4406.1529,3669759.3102,118.3793,86935.563750,515017.02699,16.4031
2015-06,812847.9511,459946.4500,2027324.6561,235722.6781,4247.0594,3540088.7947,118.0030,93398.217650,503469.66955,16.8603
2015-07,805049.1700,476628.3573,2110780.3424,240104.3054,4530.6580,3637092.8331,117.3256,112220.746200,531584.30993,17.7011
2015-08,842631.2114,492572.9005,2130209.2805,245792.2401,4532.9619,3715738.5944,119.8625,112113.191085,553015.47380,17.9003
2015-09,776442.8800,484443.6008,2035770.2339,233798.8848,4558.3549,3535013.9544,117.8338,106727.194710,538968.87074,18.2657
2015-10,859084.7027,504606.6308,2098446.9380,241543.9371,4772.1856,3708454.3942,119.6276,115692.292411,571899.66270,18.5412
2015-11,808550.0619,486381.8908,2026983.2420,230396.7193,4599.5758,3556911.4898,118.5637,104847.299990,568767.1108710249648,18.9382
2015-12,700013.0843,498588.5286,2144538.5459,239598.9607,4537.6397,3587276.7592,115.7186,108402.271590,622254.6432218779783,20.3680
2016-01,831425.4295,496143.0150,2141928.4437,237345.6141,4510.5726,3711353.0749,119.7211,111481.897631,625680.0167951070397,19.8623
2016-02,781048.0628,455900.5506,2023119.6293,219300.3869,4133.9385,3483502.5681,120.1208,101108.747507049,609374.7215510884811,20.3957
2016-03,871847.7293,485466.6233,2193119.2100,227001.2881,4593.9451,3782028.7958,122.0009,131066.450437,661108.1671557033716,20.9458
2016-04,896878.3892,473509.4902,2094054.9497,218779.9939,4356.1647,3687578.9877,122.9193,115436.402290,689925.0729747758352,21.8398
2016-05,909650.8285,482609.7915,2223787.0167,232231.4008,4270.9032,3852549.9407,124.2758,134349.329713,738707.5749925775538,22.6618
2016-06,892482.5643,460651.8383,2141822.2136,222454.7085,4113.4891,3721524.8138,124.0508,126280.378832,727747.8203722181748,22.9483
2016-07,937312.8379,486612.6286,2237443.6515,228611.1919,4435.3564,3894415.6663,125.6263,137399.986472,764507.5626025105564,23.1590
2016-08,935667.1203,482014.5633,2222652.8485,225813.1340,4502.6912,3870650.3573,124.8597,142895.735048,764274.9748416020109,23.4372
2016-09,901979.6686,461995.8479,2136427.1306,215117.3172,4331.9144,3719851.8787,123.9951,135884.325611,735552.5254863378354,23.4267
2016-10,920392.7480,479336.0092,2240091.1951,219059.9703,4198.7387,3863078.6613,124.6154,155698.471515,791004.0504469971467,24.5064
2016-11,835128.7551,467064.4640,2119859.6454,210972.9569,4030.2517,3637056.0731,121.2352,147214.148937,756904.2293069730194,24.8585
2016-12,878217.2212,472257.3760,2195474.3576,214555.8474,3825.8617,3764330.6639,121.4300,153623.849691,784773.4588061018145,24.9287
2017-01,910261.2793,470574.1100,2215900.2394,214871.0656,4390.2040,3815996.8983,123.0967,158346.58375,795378.9138264123334,24.9928
2017-02,652088.5484,425334.8075,1999013.2967,193729.5535,3723.0377,3273889.2438,116.9246,143825.241792,722571.0024565659506,26.4638
2017-03,916305.2260,462853.2439,2194132.0553,211337.3976,4195.3741,3788823.2969,122.2201,172736.48510,797961.5288277731222,25.6200
2017-04,890076.9236,431358.4495,2169766.0245,203406.5770,3996.1721,3698604.1467,123.2868,171835.45877,799630.242447902152,26.2657
2017-05,876745.0849,461300.1980,2235178.8980,208062.5106,4124.0716,3785410.7631,122.1100,183536.933506,826469.5564141626136,26.6816
2017-06,879096.8291,436311.5726,2151746.1826,197862.6806,3758.2511,3668775.5160,122.2925,179132.023821,795270.0472068208511,26.5593
2017-07,932777.1635,446867.7969,2239069.1812,202551.8481,3934.1465,3825200.1362,123.3936,190578.96116,836997.4378282227826,26.8633
2017-08,931474.7163,451705.0943,2250940.0667,200391.1529,3991.1482,3838502.1784,123.8227,191138.887696,855688.8560929950589,27.2718
2017-09,890732.5602,440807.2837,2200257.7031,191379.9824,4083.6612,3727261.1906,124.2420,190277.58002,825700.6297396967741,27.2580
2017-10,964437.8170,450368.1072,2232011.9237,196293.5216,4059.8135,3847171.1830,124.1023,225849.41006,839080.9791584441204,27.6809
2017-11,871092.4327,428210.8212,2065508.7833,187751.7900,3844.8189,3556408.6461,118.5470,226093.857387,762915.0677962873633,27.8092
2017-12,966965.6590,442569.4077,2187681.8786,193198.4353,4318.7222,3794734.1028,122.4108,257117.64553,836636.8388113279743,28.8230
2018-01,971348.8593,440588.2678,2237934.7034,191083.0689,4440.8157,3845395.7151,124.0450,284055.549798,865811.1143046322616,29.9024
2018-02,840996.8234,389427.0396,2095118.4954,165962.2560,3988.8159,3495493.4303,124.8391,323362.60397,795357.2073708224523,32.0046
2018-03,945715.6674,433756.9364,2338852.0427,179273.5193,4312.2948,3901910.4606,125.8681,400631.5423600000000,885057.348071220787,32.9502
2018-04,957017.6847,414539.0269,2333228.2071,168447.2146,4238.1506,3877470.2839,129.2490,414724.0784102293591,881973.8510343989384,33.4419
2018-05,995247.8307,413614.2879,2350867.6348,181682.0853,4073.6408,3945485.4795,127.2737,481252.36004000000065,845878.7125164601067,33.6367
2018-06,987577.0035,398422.3161,2400801.5986,176058.5994,4028.1737,3966887.6913,132.2296,524576.0472099999991,898403.9775626824657,35.8714
2018-07,1028396.5852,416507.0979,2465718.7362,181561.4290,4179.9222,4096363.7705,132.1408,555943.493215,902289.5028234104256,35.5982
2018-08,1036868.6823,412271.1330,2512559.7162,182083.3631,4194.2583,4147977.1529,133.8057,634646.3634210000011,882764.3569814765172,36.5819
2018-09,985353.3949,407643.7906,2385061.6472,172112.2739,3840.4157,3954011.5223,131.8004,676549.4166399999943,795787.5511235738755,37.2365
2018-10,1025904.9509,405969.2785,2491855.0642,175659.1519,3925.4038,4103313.8493,132.3650,773119.9735900000044,781913.2392823889110,37.8970
2018-11,763919.8696,402455.8368,2359413.7193,167395.4650,3705.8118,3696890.7025,123.2297,801587.3744139999940,701211.2623742914783,40.6503
2018-12,983091.9956,412907.2230,2422651.6884,167675.3331,4041.1405,3990367.3806,128.7215,856781.8888359999998,727045.3125333506619,39.6913
2019-01,966655.7903,406105.4750,2460131.3406,163318.5963,3988.8752,4000200.0774,129.0387,892020.02042416277901,750845.12921198205321,41.0696
2019-02,891634.8423,370879.6592,2360072.9984,144338.7839,3660.0503,3770586.3341,134.6638,871367.22280145767435,688906.77352822933314,41.3801
2019-03,998957.6042,412968.0207,2440365.4224,157687.1242,4132.4018,4014110.5733,129.4874,907384.9738569999999,726249.94848171396084,40.6973
2019-04,970570.9347,395673.5707,2424397.1193,154235.8215,3960.8433,3948838.2895,131.6279,864191.8956160000017,747836.195856,40.8228
2019-05,1054441.4503,403832.1863,2624905.7915,158373.2511,4231.6723,4245784.3515,136.9608,932413.225364999997,837169.448635,41.6786
2019-06,1022900.3939,394972.6274,2625055.1052,152997.0387,3940.8988,4199866.0640,139.9955,981702.9358959999987,844232.224180,43.4760
2019-07,1087216.7938,405153.2738,2825676.2937,154779.8666,4154.4790,4476980.7069,144.4187,1081010.7276039999968,878911.11780,43.7778
2019-08,1083213.6055,400345.7133,2835408.7958,153629.2577,4512.7958,4477110.1681,144.4229,1104570.9952059999997,888347.127961,44.5135
2019-09,1025426.5698,374980.0948,2585550.1891,148080.4802,4264.2235,4138301.5574,137.9434,1021117.919481000,808485.154267,44.2114
2019-10,1049175.6386,386011.2808,2742708.2894,154623.6464,4412.6883,4336931.5435,139.9010,1093762.305860000,842060.901017,44.6358
2019-11,933831.9262,364349.1722,2358756.6023,148335.1373,4270.0012,3809542.8392,126.9848,854007.757234000,768853.589184,42.5999
2019-12,956701.7568,366061.6708,2453176.2130,152362.7572,4535.3854,3932837.7832,126.8657,918356.630463710,782011.444620,43.2351
2020-01,973515.7046,375510.3083,2531540.3212,152143.4102,4492.5086,4037202.2529,130.2323,1007007.230706000,790313.453240,44.5190
2020-02,901000.7085,341472.3321,2318310.7305,138763.6016,4223.0885,3703770.4612,127.7162,941035.197948000,684037.345814,43.8762
2020-03,967785.5815,383108.3310,2420996.0804,148807.0332,4567.1007,3925264.1268,126.6214,957243.240626000,740325.966010,43.2473
2020-04,881554.3128,360124.4994,2114694.9626,141777.4946,4060.4786,3502211.7480,116.7404,821643.127288000,655814.643887,42.1864
2020-05,1013028.7894,358227.8910,2338840.1706,144543.1041,3970.2989,3858610.2540,124.4713,910475.690315,732219.090314,42.5722
2020-06,981983.2898,338179.1794,2318492.1420,138479.4137,3524.3900,3780658.4149,126.0219,945927.677894500,684883.936671,43.1357
2020-07,998305.9558,338159.8756,2447894.3466,143287.1667,4022.1780,3931669.5227,126.8280,997564.426939950,717481.312107,43.6213
2020-08,985009.3426,328542.3918,2437837.0799,139932.7620,4237.2960,3895558.8723,125.6632,998006.707365870,702656.820788,43.6565
2020-09,957441.9468,331523.0333,2253932.8402,138600.5214,3828.7090,3685327.0507,122.8442,894122.703338200,667178.498326,42.3653
2020-10,994037.0007,340488.0898,2295075.9927,144287.8796,4150.7900,3778039.7528,121.8723,929428.741941700,686739.210631,42.7779
2020-11,932467.9041,325383.9530,2073481.2011,136219.2189,4019.5393,3471571.8164,115.7191,780329.912530100,632051.628088,40.6842
2020-12,948700.7691,336838.4038,2102920.0992,137306.7197,4012.4665,3529778.4583,113.8638,782710.545453100,665896.994164,41.0396
2021-01,966355.7637,340298.5271,2148390.0699,137132.0304,3998.4160,3596174.8071,116.0056,831265.762249700,667980.351330,41.6900
2021-02,865759.1604,300491.6580,1915575.4731,122620.2359,3627.7812,3208074.3086,114.5741,742767.765321000,593179.292299,41.6433
2021-03,907897.1618,333150.2263,2168624.2193,136338.4180,3937.3866,3549947.4120,114.5144,858902.628172000,653372.765581,42.5999
2021-04,917513.4000,321970.7652,2054049.4353,129400.2777,3922.1240,3426856.0022,114.2285,785797.384995500,637257.99432371,41.5266
2021-05,938163.9466,335318.5516,2349842.5102,132197.6934,4081.5790,3759604.2808,121.2776,999974.136535000,686788.09742803,44.8654
2021-06,885599.2161,333776.7283,2459798.7428,127684.0038,3833.4967,3810692.1877,127.0231,1153367.352999600,685550.22006722,48.2568
2021-07,924873.0175,342718.6419,2650124.7121,130829.9369,4065.3024,4052611.6108,130.7294,1276950.769862000,742773.13588483,49.8376
2021-08,929050.6923,344045.4915,2739016.5171,128942.6926,4436.0204,4145491.4139,133.7255,1361213.385374000,757051.92756474,51.0981
2021-09,894057.1344,319259.4728,2638063.4941,124574.0070,4231.7995,3980185.9078,132.6729,1316213.564445000,741197.6378938,51.6913
2021-10,882769.7972,324798.5154,2606388.6022,125859.5956,4321.6555,3944138.1659,127.2303,1302477.801672000,732426.2069275,51.5931
2021-11,866394.3406,313641.7632,2530579.6163,121402.8676,4328.5766,3836347.1643,127.8782,1303716.111395000,698058.76927495,52.1792
2021-12,880090.2948,331421.7187,2654057.0987,124704.1830,4457.7397,3994731.0349,128.8623,1343129.589042000,743349.80444105,52.2308
2022-01,868057.7400,331205.7448,2702505.9475,122432.7848,4341.9636,4028544.1807,129.9530,1403263.328567000,728462.28831895,52.9155
2022-02,792542.8240,304404.1618,2353589.2588,110781.0297,3844.6830,3565161.9573,127.3272,1198175.159547000,653181.03277402,51.9291
2022-03,706361.6710,347647.5070,2709280.8951,122108.9332,4376.3253,3889775.3316,125.4766,1420469.187585000,729798.18245598,55.2800
2022-04,835694.6340,328296.0694,2536333.4574,116780.4076,4122.6202,3821227.1886,127.3742,1340953.425813000,688351.04941696,53.1061
2022-05,850607.1424,342536.9841,2901156.5447,119258.5770,4385.3380,4217944.5862,136.0627,1604712.507348000,742181.29684600,55.6407
2022-06,833943.1501,337213.7003,2895145.2169,114727.7719,4099.6213,4185129.4605,139.5043,1597287.871736000,755410.81163674,56.2157
2022-07,854932.0022,345512.3378,3022541.7557,118741.0721,4122.9626,4345850.1304,140.1887,1701845.390137000,764489.02502403,56.7515
2022-08,862214.3159,359327.6591,3042124.5016,118252.1563,4434.9234,4386353.5563,141.4953,1726768.027899000,776248.02240504,57.0637
2022-09,829624.6011,339440.6748,2794751.1964,114413.0470,4146.8151,4082376.3344,136.0792,1616958.392418000,673123.12478993,56.0968
2022-10,844532.6695,349387.0147,2796816.4295,117547.1699,4373.5550,4112656.8386,132.6663,1577797.495051000,700158.95846305,55.3889
2022-11,808157.2392,340614.9865,2529765.3853,112334.8529,4516.7139,3795389.1778,126.5130,1388999.419319000,656161.76369803,53.8854
2022-12,828510.4688,352267.5744,2691048.9661,115288.3233,4209.6053,3991324.9379,128.7524,1537285.730060000,658215.433145,55.0068
2023-01,822288.9335,346443.1341,2705023.0841,115027.8483,4279.7062,3993062.7062,128.8085,1558034.527334000,640839.80869600,55.0674
2023-02,741077.8852,314849.2363,2474030.2392,103327.9129,3909.1223,3637194.3959,129.8998,1456498.705479000,561332.82322396,55.4777
2023-03,820011.1089,345268.8881,2711716.3722,112697.4068,4262.5144,3993956.2904,128.8373,1624372.756301000,614751.71460702,56.0628
2023-04,751579.7636,330040.9038,2668665.9119,108649.5710,4193.4602,3863129.6105,128.7710,1547553.073722378,640749.28699297,56.6458
2023-05,811668.3283,347233.1050,2908748.7123,111650.2360,4543.2083,4183843.5899,134.9627,1776050.186548681,662093.36154900,58.2752
2023-06,792241.5695,340376.0596,2901327.3032,107646.5083,4568.5703,4146160.0109,138.2053,1856147.330183050,615205.46650198,59.6058
2023-07,802933.0459,353818.5402,3010809.3872,110597.4830,4600.1861,4282758.6424,138.1535,1991621.876480043000,578388.81426101,60.0083
2023-08,803914.9185,352104.1613,3206325.8261,109707.3707,4536.2659,4476588.5425,144.4061,2104036.177152613000,656175.83356401,61.6588
2023-09,770758.9054,343925.1659,3072055.7154,105241.7334,4526.9737,4296508.4938,143.2169,2002690.623524242999994,641295.00206202,61.5380
2023-10,781951.9058,357851.9851,2652602.5235,108316.5733,4342.2296,3905065.2173,125.9698,1750411.59200700000013,501739.02205699,57.6725
2023-11,714730.3380,337056.6725,2629891.2073,104024.1371,3886.2861,3789588.6410,126.3196,1757671.4942770000000,534129.509748995,60.4762
2023-12,665455.8780,347020.9495,2415009.6720,107007.8136,4241.8615,3538736.1746,114.1528,1581488.2482290000001,477245.4697925,58.1771
2024-01,682615.5851,342479.7818,2702096.6806,106192.3961,4557.4060,3837941.8496,123.8046,1736564.25053700000002,569147.4291064,60.0768
2024-02,716014.8637,322065.9309,2746594.3758,98939.4740,4046.6169,3887661.2613,134.0573,1776894.33018473800041,567210.3794942,60.2960
2024-03,763206.2694,335240.9224,2966386.1653,105303.5847,4272.1584,4174409.1002,134.6584,1924896.0010898250007,620220.5491048,60.9695
2024-04,724633.3455,319269.5915,2934957.3876,101464.2804,4405.7685,4084730.3735,136.1577,1916375.45325903599997,600625.776807375,61.6198
2024-05,772023.9466,333597.1345,3439697.6475,104719.0544,4333.6403,4654371.4233,150.1410,2388109.742737633999959,631738.48305511,64.8820
2024-06,720480.6940,315399.8976,3286134.8811,100386.1993,4337.4743,4426739.1463,147.5580,2326445.93055038399996,562173.3619281,65.2539
2024-07,744960.7183,312646.0556,3544368.9950,103516.4432,3581.3832,4709073.5953,151.9056,2557355.07989329999934,593572.6007824,66.9118
2024-08,743659.4860,331390.8932,3560944.3681,104424.1432,3592.2656,4744011.1561,153.0326,2589597.66356331300017,560832.7797780,66.4086
2024-09,725994.4009,321563.0159,3264607.0317,100913.1159,3488.3859,4416565.9503,147.2189,2353369.16762485900013,520083.8163133,65.0608
2024-10,804422.2286,330683.5868,2883778.0906,105619.8020,3578.4419,4128082.1499,133.1639,2002153.1950499790000,503395.808097269,60.6952
2024-11,737680.6943,310780.8096,2662173.3698,101260.9692,3431.5580,3815327.4009,127.1776,1859696.6678959610000,451893.46306965,60.5869
2024-12,723347.5662,325201.7771,2702780.2275,104054.2108,3619.6115,3859003.3931,124.4840,1899850.31219276200048,459172.9392705,61.1304
2025-01,858563.2142,317342.7839,3012935.6362,101826.4483,3564.2872,4294232.3698,138.5236,2119577.74869210100002,518815.3619073,61.4404
2025-02,811166.6792,282368.1041,2865619.5410,92076.9780,3256.3094,4054487.6117,144.8031,2071396.943619320000118,458907.2095522,62.4075
2025-03,841455.4628,305979.9794,2894915.4921,102107.3303,3483.6737,4147941.9383,133.8046,2060286.00171657200001,475539.7360318,61.1346
2025-04,818178.9061,305188.5234,2875604.1751,99366.2501,3292.9517,4101630.8064,136.7210,2070990.00159468000079,458813.0639349,61.6780
2025-05,851321.6116,309409.1228,3314212.7549,99329.4653,3824.8163,4578097.7709,147.6806,2459018.86429102900023,489904.0252606,64.4137
2025-06,868307.5588,295824.8058,3519686.8806,93813.9992,2905.8133,4780539.0577,159.3513,2650482.97792521899986,498333.5977676,65.8674
2025-07,892103.8070,306477.1556,3686734.5352,95324.5695,2972.7633,4983612.8306,160.7617,2820251.111003393000714,491175.734937978,66.4463
2025-08,863548.1997,297308.2499,3643871.6088,93277.3902,3063.2592,4901068.7078,158.0990,2788847.42398555900027,485072.97146913,66.8001
2025-09,786069.4371,282082.9798,2999983.0326,88284.2405,2959.0903,4159378.7803,138.6460,2255061.7438671249996,409279.40152414,64.0562
2025-10,770244.2528,289400.3887,2691739.7224,88786.3484,3066.4710,3843237.1833,123.9754,2010606.1453420140003,362738.9471895,61.7538
2025-11,749472.0149,271232.2464,2559299.5789,83519.2590,2934.1524,3666457.2516,122.2152,1919399.19194217499960,379269.84022974,62.6946
2025-12,778129.7582,277433.2540,2940453.0291,84963.0154,3022.7432,4084001.7999,131.7420,2250314.8772691630011,407414.6843661,65.0766
2026-01,769146.3259,272424.2247,2952914.2582,84552.6436,2904.4741,4081941.9265,131.6755,2255481.47377033300024,402215.04691743,65.1086
2026-02,754274.9383,244860.5422,2845874.0077,76188.6012,2480.4438,3923678.5332,140.1314,2185164.00921963300147,365833.74444757,65.0155
2026-03,797459.8202,258981.1872,3253923.4678,83757.7476,2715.8386,4396838.0614,141.8335,2558564.32398438200106,391918.13118548,67.1046
2026-04,737250.4732,247678.7332,3150655.2823,80497.9024,2778.7574,4218861.1485,140.6287,2479628.51317125399972,363934.64833196,67.4012
2026-05,815026.8852,257898.3920,3697119.1969,82850.0463,2732.5312,4855627.0516,156.6331,2954551.934348004000401,407130.70797969,69.2327
2026-06,779280.6491,245377.7385,3688492.5449,79897.0814,2609.4676,4795657.4815,159.8552,2928453.026290722000416,415762.60823555,69.7342
2026-07,782286.2506,245113.2514,3787555.7177,82123.1484,2629.0049,4899707.3730,158.0551,2991644.75805907000038,445560.8991563,70.1512
2026-08,737821.3824,240576.4276,3682300.1910,80513.2616,2619.2448,4743830.5074,153.0268,2956835.10580200000240,410259.64666259,70.9784
